# Z   A   T   M  SUBENT      AUTHOR     YEAR     N            Reaction               F          A      chi2    p-value Quality World     Exp     Dexp(%)    E-min     E-max   TALYS     tendl.2025endfb8.1  jeff4.0   jendl5.0  cendl3.2  eaf.2010  irdff2.0
  93 237  0  -1 D0371006 J.Aaltonen,V.D  1996     0 93-NP-237(HE3,3N)95-AM-237,,SI  0.00      0.00      0.00      0.00         0.00     0.215      38.4      25.3      26.0      0.00      0.00      0.00      0.00      0.00      0.00      0.00      0.00
  93 237  0  -1 D0371003 J.Aaltonen,V.D  1996     0 93-NP-237(HE3,2P)93-NP-238,,SI  0.00      0.00      0.00     5.960E-08     0.00      7.70      57.5      20.4      26.0      0.00      0.00      0.00      0.00      0.00      0.00      0.00      0.00
  92 238  0  -1 C1092004 E.T.Chulick,P.  1971     0 92-U-238(HE3,F)42-MO-99,CUM,SI  0.00      0.00      0.00      0.00         0.00      17.3      30.5      21.6      34.1      0.00      0.00      0.00      0.00      0.00      0.00      0.00      0.00
  92 238  0  -1 C2432005 E.F.Meyer Jr,W  1971     0 92-U-238(HE3,F)ELEM/MASS,CUM,S  0.00      0.00      0.00      0.00         0.00     4.825E-02  24.0      13.8      13.8      0.00      0.00      0.00      0.00      0.00      0.00      0.00      0.00
  92 238  0  -1 C2432004 E.F.Meyer Jr,W  1971     0 92-U-238(HE3,F)ELEM/MASS,CUM,S  0.00      0.00      0.00      0.00         0.00      4.30      8.83      21.0      21.0      0.00      0.00      0.00      0.00      0.00      0.00      0.00      0.00
  92 238  0  -1 C2432002 E.F.Meyer Jr,W  1971     0 92-U-238(HE3,F)ELEM/MASS,CUM,S  0.00      0.00      0.00      0.00         0.00      21.9      2.42      30.1      30.1      0.00      0.00      0.00      0.00      0.00      0.00      0.00      0.00
  92 238  0  -1 C2326006 R.H.Iyer,J.W.C  1968     0 92-U-238(HE3,F)ELEM/MASS,,SIG   0.00      0.00      0.00      0.00         0.00      1.08      12.1      32.6      39.4      0.00      0.00      0.00      0.00      0.00      0.00      0.00      0.00
  92 238  0  -1 C2434002 K.W.MacMurdo,J  1969     0 92-U-238(HE3,F)ELEM/MASS,,SIG   0.00      0.00      0.00      0.00         0.00      8.30      14.1      30.6      30.6      0.00      0.00      0.00      0.00      0.00      0.00      0.00      0.00
  92 238  0  -1 C1092021 E.T.Chulick,P.  1971     0 92-U-238(HE3,F)0-NN-1,DL/GRP,S  0.00      0.00      0.00      0.00         0.00     0.913      16.4      33.8      33.8      0.00      0.00      0.00      0.00      0.00      0.00      0.00      0.00
  92 238  0  -1 C1092020 E.T.Chulick,P.  1971     0 92-U-238(HE3,F)0-NN-1,DL/GRP,S  0.00      0.00      0.00      0.00         0.00      1.05      14.3      28.7      28.7      0.00      0.00      0.00      0.00      0.00      0.00      0.00      0.00
  92 238  0  -1 C1092019 E.T.Chulick,P.  1971     0 92-U-238(HE3,F)0-NN-1,DL/GRP,S  0.00      0.00      0.00      0.00         0.00     0.270      16.1      23.3      23.3      0.00      0.00      0.00      0.00      0.00      0.00      0.00      0.00
  92 238  0  -1 C1092018 E.T.Chulick,P.  1971     0 92-U-238(HE3,F)0-NN-1,DL/GRP,S  0.00      0.00      0.00      0.00         0.00     0.105      16.5      21.4      21.4      0.00      0.00      0.00      0.00      0.00      0.00      0.00      0.00
  92 238  0  -1 C1092011 E.T.Chulick,P.  1971     0 92-U-238(HE3,F)0-NN-1,DL,SIG    0.00      0.00      0.00      0.00         0.00      4.08      9.19      21.4      33.8      0.00      0.00      0.00      0.00      0.00      0.00      0.00      0.00
  92 236  0  -1 O1309006 J.Aaltonen, P.  2001     0 92-U-236(HE3,2N)94-PU-237,,SIG  0.00      0.00      0.00      0.00         0.00     0.301      14.0      21.1      59.4      0.00      0.00      0.00      0.00      0.00      0.00      0.00      0.00
  92 236  0  -1 O1309004 J.Aaltonen, P.  2001     0 92-U-236(HE3,X)94-PU-236,CUM,S  0.00      0.00      0.00      0.00         0.00      13.4      7.08      21.1      59.4      0.00      0.00      0.00      0.00      0.00      0.00      0.00      0.00
  92 236  0  -1 O1309004 J.Aaltonen, P.  2001     0 92-U-236(HE3,X)94-PU-236,CUM,S  0.00      0.00      0.00     1.987E-08     0.00      13.4      7.08      21.1      59.4      0.00      0.00      0.00      0.00      0.00      0.00      0.00      0.00
  92 235  0  -1 O2270002 J.Aaltonen, E.  2015     0 92-U-235(HE3,N)94-PU-237,,SIG   0.00      0.00      0.00      0.00         0.00     0.173      8.26      20.4      42.0      0.00      0.00      0.00      0.00      0.00      0.00      0.00      0.00
  92 235  0  -1 F1244002 A.D.Gedeonov,L  1991     0 92-U-235(HE3,N)94-PU-237,,SIG   0.00      0.00      0.00      0.00         0.00     7.604E-02  13.7      17.2      41.6      0.00      0.00      0.00      0.00      0.00      0.00      0.00      0.00
  92 235  0  -1 O2270004 J.Aaltonen, E.  2015     0 92-U-235(HE3,X)94-PU-236,CUM,S  0.00      0.00      0.00      0.00         0.00      9.02      4.51      20.4      42.0      0.00      0.00      0.00      0.00      0.00      0.00      0.00      0.00
  92 235  0  -1 F1244003 A.D.Gedeonov,L  1991     0 92-U-235(HE3,X)94-PU-236,CUM,S  0.00      0.00      0.00      0.00         0.00      8.31      12.9      17.2      41.6      0.00      0.00      0.00      0.00      0.00      0.00      0.00      0.00
  92 235  0  -1 O2270003 J.Aaltonen, E.  2015     0 92-U-235(HE3,2N)94-PU-236,,SIG  0.00      0.00      0.00      0.00         0.00      4.12      30.2      20.4      42.0      0.00      0.00      0.00      0.00      0.00      0.00      0.00      0.00
  92 235  0  -1 O2270005 J.Aaltonen, E.  2015     0 92-U-235(HE3,4N)94-PU-234,,SIG  0.00      0.00      0.00      0.00         0.00     0.175      68.8      20.4      34.7      0.00      0.00      0.00      0.00      0.00      0.00      0.00      0.00
  92 235  0  -1 O2270005 J.Aaltonen, E.  2015     0 92-U-235(HE3,4N)94-PU-234,,SIG  0.00      0.00      0.00     5.215E-07     0.00     0.175      68.8      20.4      34.7      0.00      0.00      0.00      0.00      0.00      0.00      0.00      0.00
  92 235  0  -1 F1244003 A.D.Gedeonov,L  1991     0 92-U-235(HE3,X)94-PU-236,CUM,S  0.00      0.00      0.00      0.00         0.00      8.31      12.9      17.2      41.6      0.00      0.00      0.00      0.00      0.00      0.00      0.00      0.00
  92 235  0  -1 O2270004 J.Aaltonen, E.  2015     0 92-U-235(HE3,X)94-PU-236,CUM,S  0.00      0.00      0.00     6.954E-08     0.00      9.02      4.51      20.4      42.0      0.00      0.00      0.00      0.00      0.00      0.00      0.00      0.00
  92 235  0  -1 O2270003 J.Aaltonen, E.  2015     0 92-U-235(HE3,2N)94-PU-236,,SIG  0.00      0.00      0.00     6.954E-08     0.00      4.12      30.2      20.4      42.0      0.00      0.00      0.00      0.00      0.00      0.00      0.00      0.00
  90 232  0  -1 C1092005 E.T.Chulick,P.  1971     0 90-TH-232(HE3,F)42-MO-99,CUM,S  0.00      0.00      0.00      0.00         0.00      12.4      31.9      21.3      34.0      0.00      0.00      0.00      0.00      0.00      0.00      0.00      0.00
  90 232  0  -1 C1092015 E.T.Chulick,P.  1971     0 90-TH-232(HE3,F)0-NN-1,DL/GRP,  0.00      0.00      0.00      0.00         0.00     0.583      16.2      28.9      28.9      0.00      0.00      0.00      0.00      0.00      0.00      0.00      0.00
  90 232  0  -1 C1092014 E.T.Chulick,P.  1971     0 90-TH-232(HE3,F)0-NN-1,DL/GRP,  0.00      0.00      0.00      0.00         0.00     0.859      14.9      28.9      28.9      0.00      0.00      0.00      0.00      0.00      0.00      0.00      0.00
  90 232  0  -1 C1092013 E.T.Chulick,P.  1971     0 90-TH-232(HE3,F)0-NN-1,DL/GRP,  0.00      0.00      0.00      0.00         0.00     0.200      15.2      23.3      23.3      0.00      0.00      0.00      0.00      0.00      0.00      0.00      0.00
  90 232  0  -1 C1092012 E.T.Chulick,P.  1971     0 90-TH-232(HE3,F)0-NN-1,DL/GRP,  0.00      0.00      0.00      0.00         0.00     9.229E-02  31.6      21.7      21.7      0.00      0.00      0.00      0.00      0.00      0.00      0.00      0.00
  90 232  0  -1 C1092009 E.T.Chulick,P.  1971     0 90-TH-232(HE3,F)0-NN-1,DL,SIG   0.00      0.00      0.00      0.00         0.00      3.04      8.42      21.7      33.8      0.00      0.00      0.00      0.00      0.00      0.00      0.00      0.00
  90 232  0  -1 F1466004 M.N.German,V.A  2022     0 90-TH-232(HE3,X)91-PA-233,,SIG  0.00      0.00      0.00      0.00         0.00      60.2      19.7      39.5      57.1      0.00      0.00      0.00      0.00      0.00      0.00      0.00      0.00
  90 230  0  -1 O2144002 A.Morgenstern,  2013     0 90-TH-230(HE3,3N)92-U-230,,SIG  0.00      0.00      0.00      0.00         0.00      2.06      16.2      18.7      35.3      0.00      0.00      0.00      0.00      0.00      0.00      0.00      0.00
  83 209  0  -1 C1092006 E.T.Chulick,P.  1971     0 83-BI-209(HE3,F)42-MO-99,CUM,S  0.00      0.00      0.00      0.00         0.00     0.252      29.6      28.2      33.3      0.00      0.00      0.00      0.00      0.00      0.00      0.00      0.00
  83 209  0  -1 C1092007 E.T.Chulick,P.  1971     0 83-BI-209(HE3,F)0-NN-1,DL,SIG   0.00      0.00      0.00      0.00         0.00     9.050E-03  12.5      29.1      33.7      0.00      0.00      0.00      0.00      0.00      0.00      0.00      0.00
  83 209  0  -1 A0544008 O.N.Vysotsky,A  1992     0 83-BI-209(HE3,X)84-PO-210,CUM,  0.00      0.00      0.00      0.00         0.00      117.      16.1      30.0      93.4      0.00      0.00      0.00      0.00      0.00      0.00      0.00      0.00
  79 197  0  -1 D0737007 N.K.Skobelev,   2014     0 79-AU-197(HE3,2P)79-AU-198,,SI  0.00      0.00      0.00      0.00         0.00      9.06      12.5      13.9      24.2      0.00      0.00      0.00      0.00      0.00      0.00      0.00      0.00
  79 197  0   1 E1306008 Y.Nagame, K.Su  1990     0 79-AU-197(HE3,2P)79-AU-198-M,,  0.00      0.00      0.00      0.00         0.00     0.479      15.7      23.2      39.4      0.00      0.00      0.00      0.00      0.00      0.00      0.00      0.00
  79 197  0   0 E1306009 Y.Nagame, K.Su  1990     0 79-AU-197(HE3,2P)79-AU-198-G,,  0.00      0.00      0.00      0.00         0.00      44.6      10.0      19.3      39.4      0.00      0.00      0.00      0.00      0.00      0.00      0.00      0.00
  79 197  0  -1 D0737007 N.K.Skobelev,   2014     0 79-AU-197(HE3,2P)79-AU-198,,SI  0.00      0.00      0.00     6.812E-08     0.00      9.06      12.5      13.9      24.2      0.00      0.00      0.00      0.00      0.00      0.00      0.00      0.00
  79 197  0   1 E1306008 Y.Nagame, K.Su  1990     0 79-AU-197(HE3,2P)79-AU-198-M,,  0.00      0.00      0.00     1.402E-07     0.00     0.479      15.7      23.2      39.4      0.00      0.00      0.00      0.00      0.00      0.00      0.00      0.00
  78   0  0  -1 D4281011 M.Al-Abyad,F.T  2013     0 78-PT-0(HE3,X)78-PT-199,IND,SI  0.00      0.00      0.00      0.00         0.00     0.743      21.0      17.7      26.2      0.00      0.00      0.00      0.00      0.00      0.00      0.00      0.00
  75 185  0  -1 R00530072N.E.Scott, J.W  1968     0 75-RE-185(HE3,2P)75-RE-186,,SI  0.00      0.00      0.00      0.00         0.00      40.3      0.00      24.8      30.6      0.00      0.00      0.00      0.00      0.00      0.00      0.00      0.00
  74 186  0  -1 R0053010 N.E.Scott, J.W  1968     0 74-W-186(HE3,2P)74-W-187,,SIG   0.00      0.00      0.00      0.00         0.00      24.7      0.00      19.6      31.6      0.00      0.00      0.00      0.00      0.00      0.00      0.00      0.00
  74 186  0  -1 F1470002 A.N.Moiseeva,R  2021     0 74-W-186(HE3,2P)74-W-187,,SIG   0.00      0.00      0.00      0.00         0.00      17.8      20.1      13.4      43.8      0.00      0.00      0.00      0.00      0.00      0.00      0.00      0.00
  74 186  0  -1 F1470002 A.N.Moiseeva,R  2021     0 74-W-186(HE3,2P)74-W-187,,SIG   0.00      0.00      0.00     3.974E-08     0.00      17.8      20.1      13.4      43.8      0.00      0.00      0.00      0.00      0.00      0.00      0.00      0.00
  74 183  0  -1 R0053013 N.E.Scott, J.W  1968     0 74-W-183(HE3,X)75-RE-184,,SIG   0.00      0.00      0.00      0.00         0.00      101.      0.00      31.6      31.6      0.00      0.00      0.00      0.00      0.00      0.00      0.00      0.00
  73 181  0   0 D4421005 B.M.Ali,G.Y.Mo  2020     0 73-TA-181(HE3,X)73-TA-178-G,,S  0.00      0.00      0.00      0.00         0.00     0.654      21.6      20.2      26.4      0.00      0.00      0.00      0.00      0.00      0.00      0.00      0.00
  41  93  0  -1 A0347004 H.H.Bissem,R.G  1980     0 41-NB-93(HE3,G)43-TC-96,,SIG    0.00      0.00      0.00      0.00         0.00     8.619E-03  8.00      8.90      28.4      0.00      0.00      0.00      0.00      0.00      0.00      0.00      0.00
  41  93  0  -1 A0583036 S.N.Kondratyev  1996     0 41-NB-93(HE3,X)4-BE-7,IND,SIG   0.00      0.00      0.00      0.00         0.00      1.23      17.5      12.8      90.7      0.00      0.00      0.00      0.00      0.00      0.00      0.00      0.00
  41  93  0  -1 A0347004 H.H.Bissem,R.G  1980     0 41-NB-93(HE3,G)43-TC-96,,SIG    0.00      0.00      0.00     1.897E-07     0.00     8.619E-03  8.00      8.90      28.4      0.00      0.00      0.00      0.00      0.00      0.00      0.00      0.00
  31  71  0  -1 C0720005 R.V.Carlson,P.  1967     0 31-GA-71(HE3,G)33-AS-74,,SIG    0.00      0.00      0.00      0.00         0.00     2.338E-02  24.3      1.30      30.2      0.00      0.00      0.00      0.00      0.00      0.00      0.00      0.00
  29  63  0  -1 T0120012 N.W.GOLCHERT,J  1970     0 29-CU-63(HE3,X)29-CU-57,CUM,SI  0.00      0.00      0.00     2.484E-08     0.00     0.951      15.0      53.7      69.4      0.00      0.00      0.00      0.00      0.00      0.00      0.00      0.00
  29   0  0  -1 T0120002 N.W.GOLCHERT,J  1970     0 29-CU-0(HE3,X)4-BE-7,,SIG       0.00      0.00      0.00      0.00         0.00     0.272      12.0      38.7      69.4      0.00      0.00      0.00      0.00      0.00      0.00      0.00      0.00
  27  59  0  -1 A0602015 S.N.KONDRATYEV  1998     0 27-CO-59(HE3,X)4-BE-7,,SIG      0.00      0.00      0.00      0.00         0.00      2.28      33.3      17.0      91.9      0.00      0.00      0.00      0.00      0.00      0.00      0.00      0.00
  27  59  0  -1 E1961012 Y.Homma, Y.Mur  1977     0 27-CO-59(HE3,X)27-CO-57,CUM,SI  0.00      0.00      0.00      0.00         0.00      45.1      0.00      32.1      40.0      0.00      0.00      0.00      0.00      0.00      0.00      0.00      0.00
  16  32  0   1 O1385002 N.Runyon, P.Mi  1991     0 16-S-32(HE3,P)17-CL-34-M,PAR,S  0.00      0.00      0.00      0.00         0.00      17.9      13.0      4.03      11.6      0.00      0.00      0.00      0.00      0.00      0.00      0.00      0.00
  14  28  0  -1 E2394009 T.Mikumo, R.Se  1966     0 14-SI-28(HE3,X)4-BE-7,,SIG      0.00      0.00      0.00      0.00         0.00     0.352      15.2      14.1      27.5      0.00      0.00      0.00      0.00      0.00      0.00      0.00      0.00
  14   0  0  -1 A0533004 O.N.Vysotskiy,  1992     0 14-SI-0(HE3,X)4-BE-7,,SIG       0.00      0.00      0.00      0.00         0.00      3.66      11.4      20.0      88.0      0.00      0.00      0.00      0.00      0.00      0.00      0.00      0.00
  13  27  0  -1 O2024005 E.Aslanides, P  1981     0 13-AL-27(HE3,X)11-NA-24,,SIG    0.00      0.00      0.00      0.00         0.00      17.5      8.00      910.      910.      0.00      0.00      0.00      0.00      0.00      0.00      0.00      0.00
  13  27  0  -1 O2024004 E.Aslanides, P  1981     0 13-AL-27(HE3,X)4-BE-7,,SIG      0.00      0.00      0.00      0.00         0.00      34.0      5.88      910.      910.      0.00      0.00      0.00      0.00      0.00      0.00      0.00      0.00
  13  27  0  -1 E2394008 T.Mikumo, R.Se  1966     0 13-AL-27(HE3,X)4-BE-7,,SIG      0.00      0.00      0.00      0.00         0.00     0.258      12.0      10.4      28.5      0.00      0.00      0.00      0.00      0.00      0.00      0.00      0.00
  13  27  0  -1 D40770022S.Merchel, S.M  1997     0 13-AL-27(HE3,X)4-BE-7,,SIG      0.00      0.00      0.00      0.00         0.00      210.      15.2      9.20      33.6      0.00      0.00      0.00      0.00      0.00      0.00      0.00      0.00
  13  27  0  -1 D40770021S.Merchel, S.M  1997     0 13-AL-27(HE3,X)4-BE-7,,SIG      0.00      0.00      0.00      0.00         0.00      276.      15.1      9.20      34.3      0.00      0.00      0.00      0.00      0.00      0.00      0.00      0.00
  13  27  0  -1 A0553004 S.N.Kondrat'ev  1995     0 13-AL-27(HE3,X)4-BE-7,IND,SIG   0.00      0.00      0.00      0.00         0.00      3.05      11.1      8.50      90.7      0.00      0.00      0.00      0.00      0.00      0.00      0.00      0.00
  13  27  0  -1 E2011004 I.Tanihata, H.  1985     0 13-AL-27(HE3,ABS),,SIG          0.00      0.00      0.00      0.00         0.00      850.      1.06     2.370E+03 2.370E+03  0.00      0.00      0.00      0.00      0.00      0.00      0.00      0.00
  12  24  0  -1 E2394007 T.Mikumo, R.Se  1966     0 12-MG-24(HE3,X)4-BE-7,,SIG      0.00      0.00      0.00      0.00         0.00      1.12      15.2      18.6      29.1      0.00      0.00      0.00      0.00      0.00      0.00      0.00      0.00
  10  20  0  -1 F0484004 C.Meynadier, J  1971     0 10-NE-20(HE3,P)11-NA-22,PAR,SI  0.00      0.00      0.00      0.00         0.00     0.255      5.00      2.90      2.90      0.00      0.00      0.00      0.00      0.00      0.00      0.00      0.00
  10   0  0  -1 D40770042S.Merchel, S.M  1997     0 10-NE-0(HE3,X)4-BE-7,,SIG       0.00      0.00      0.00      0.00         0.00      8.41      20.6      18.7      30.0      0.00      0.00      0.00      0.00      0.00      0.00      0.00      0.00
  10   0  0  -1 D40770041S.Merchel, S.M  1997     0 10-NE-0(HE3,X)4-BE-7,,SIG       0.00      0.00      0.00      0.00         0.00      7.79      18.3      5.70      32.7      0.00      0.00      0.00      0.00      0.00      0.00      0.00      0.00
   9  19  0  -1 E2394006 T.Mikumo, R.Se  1966     0 9-F-19(HE3,X)4-BE-7,,SIG        0.00      0.00      0.00      0.00         0.00      4.36      11.3      12.9      29.2      0.00      0.00      0.00      0.00      0.00      0.00      0.00      0.00
   9  19  0  -1 A0045004 I.I.Zalyubovsk  1975     0 9-F-19(HE3,P)10-NE-21,PAR,SIG   0.00      0.00      0.00      0.00         0.00      1.52      13.9      2.80      4.19      0.00      0.00      0.00      0.00      0.00      0.00      0.00      0.00
   9  19  0  -1 A0045003 I.I.Zalyubovsk  1975     0 9-F-19(HE3,P)10-NE-21,PAR,SIG   0.00      0.00      0.00      0.00         0.00      1.09      9.12      2.60      4.19      0.00      0.00      0.00      0.00      0.00      0.00      0.00      0.00
   9  19  0  -1 A0045002 I.I.Zalyubovsk  1975     0 9-F-19(HE3,P)10-NE-21,PAR,SIG   0.00      0.00      0.00      0.00         0.00      1.62      5.09      2.60      4.19      0.00      0.00      0.00      0.00      0.00      0.00      0.00      0.00
   8  16  0  -1 E2394005 T.Mikumo, R.Se  1966     0 8-O-16(HE3,X)4-BE-7,,SIG        0.00      0.00      0.00     3.974E-08     0.00      6.77      6.21      15.9      28.1      0.00      0.00      0.00      0.00      0.00      0.00      0.00      0.00
   8  16  0  -1 E2394004 T.Mikumo, R.Se  1966     0 8-O-16(HE3,X)4-BE-7,,SIG        0.00      0.00      0.00     4.877E-08     0.00      4.22      11.0      13.4      26.3      0.00      0.00      0.00      0.00      0.00      0.00      0.00      0.00
   8  16  0  -1 F1075007 H.Ropke,K.P.Li  1967     0 8-O-16(HE3,A)8-O-15,PAR,SIG     0.00      0.00      0.00      0.00         0.00      27.2      10.0      4.50      5.50      0.00      0.00      0.00      0.00      0.00      0.00      0.00      0.00
   8  16  0  -1 F1066004 W.P.Alford,L.M  1965     0 8-O-16(HE3,A)8-O-15,PAR,SIG     0.00      0.00      0.00      0.00         0.00      33.3      4.56      7.98      9.98      0.00      0.00      0.00      0.00      0.00      0.00      0.00      0.00
   6  13  0  -1 F0928010 H.R.Weller,N.R  1968     0 6-C-13(HE3,A)6-C-12,PAR,SIG     0.00      0.00      0.00      0.00         0.00      5.44      1.15      5.26      7.00      0.00      0.00      0.00      0.00      0.00      0.00      0.00      0.00
   6  13  0  -1 C1361005 E.Geer Illsley  1957     0 6-C-13(HE3,P)7-N-15,PAR,SIG     0.00      0.00      0.00      0.00         0.00      8.05      20.0      2.00      4.50      0.00      0.00      0.00      0.00      0.00      0.00      0.00      0.00
   6  12  0  -1 O2024002 E.Aslanides, P  1981     0 6-C-12(HE3,X)6-C-11,,SIG        0.00      0.00      0.00      0.00         0.00      62.5      8.00      910.      910.      0.00      0.00      0.00      0.00      0.00      0.00      0.00      0.00
   6  12  0  -1 O2024003 E.Aslanides, P  1981     0 6-C-12(HE3,X)4-BE-7,,SIG        0.00      0.00      0.00      0.00         0.00      23.4      8.55      910.      910.      0.00      0.00      0.00      0.00      0.00      0.00      0.00      0.00
   6  12  0  -1 F1091010 J.J.Schwartz,W  1966     0 6-C-12(HE3,A)6-C-11,PAR,SIG     0.00      0.00      0.00      0.00         0.00      219.      22.4      8.50      10.0      0.00      0.00      0.00      0.00      0.00      0.00      0.00      0.00
   6  12  0  -1 C0994003 D.A.Bromley,E.  1957     0 6-C-12(HE3,P)7-N-14,PAR,SIG     0.00      0.00      0.00      0.00         0.00      6.08      0.00      1.30      2.66      0.00      0.00      0.00      0.00      0.00      0.00      0.00      0.00
   6   0  0  -1 E2011003 I.Tanihata, H.  1985     0 6-C-0(HE3,ABS),,SIG             0.00      0.00      0.00      0.00         0.00      550.     0.909     2.370E+03 2.370E+03  0.00      0.00      0.00      0.00      0.00      0.00      0.00      0.00
   5  11  0  -1 F0467004 P.D.FORSYTH,I.  1965     0 5-B-11(HE3,A)5-B-10,PAR,SIG     0.00      0.00      0.00      0.00         0.00      6.68      15.0      2.36      5.52      0.00      0.00      0.00      0.00      0.00      0.00      0.00      0.00
   5  11  0  -1 F0484002 C.Meynadier, J  1971     0 5-B-11(HE3,P)6-C-13,PAR,SIG     0.00      0.00      0.00      0.00         0.00      3.12      5.00      3.00      3.00      0.00      0.00      0.00      0.00      0.00      0.00      0.00      0.00
   5  10  0  -1 A0165005 S.N.Abramovich  1982     0 5-B-10(HE3,X)4-BE-7,,SIG        0.00      0.00      0.00      0.00         0.00      3.01      80.2      3.96      6.95      0.00      0.00      0.00      0.00      0.00      0.00      0.00      0.00
   5  10  0  -1 F0490004 J.R.Patterson,  1965     0 5-B-10(HE3,A)5-B-9,PAR,SIG      0.00      0.00      0.00      0.00         0.00      14.1      15.0      3.33      9.76      0.00      0.00      0.00      0.00      0.00      0.00      0.00      0.00
   5  10  0  -1 F0491004 J.R.PATTERSON,  1966     0 5-B-10(HE3,P)6-C-12,PAR,SIG     0.00      0.00      0.00      0.00         0.00     0.136      15.0      3.11      10.4      0.00      0.00      0.00      0.00      0.00      0.00      0.00      0.00
   4   9  0  -1 F0194005 J.A.Weinman,R.  1963     0 4-BE-9(HE3,A)4-BE-8,PAR,SIG     0.00      0.00      0.00      0.00         0.00      1.80      23.0      2.00      2.00      0.00      0.00      0.00      0.00      0.00      0.00      0.00      0.00
   4   9  0  -1 F0233005 N.Sakamoto,K.O  1974     0 4-BE-9(HE3,A)4-BE-8,PAR,SIG     0.00      0.00      0.00      0.00         0.00     0.823      17.2      1.76      2.97      0.00      0.00      0.00      0.00      0.00      0.00      0.00      0.00
   4   9  0  -1 F0194007 J.A.Weinman,R.  1963     0 4-BE-9(HE3,P)5-B-11,PAR,SIG     0.00      0.00      0.00      0.00         0.00      29.6      23.0      2.00      2.00      0.00      0.00      0.00      0.00      0.00      0.00      0.00      0.00
   4   9  0  -1 F0252005 E.A.Wolicki,H.  1959     0 4-BE-9(HE3,P)5-B-11,PAR,SIG     0.00      0.00      0.00      0.00         0.00      11.5      20.6      4.50      4.50      0.00      0.00      0.00      0.00      0.00      0.00      0.00      0.00
   4   9  0  -1 F0252003 E.A.Wolicki,H.  1959     0 4-BE-9(HE3,P)5-B-11,PAR,SIG     0.00      0.00      0.00      0.00         0.00      13.0      20.6      1.81      4.93      0.00      0.00      0.00      0.00      0.00      0.00      0.00      0.00
   4   9  0  -1 F0487003 H.D.Holmgren,M  1956     0 4-BE-9(HE3,P)5-B-11,PAR,SIG     0.00      0.00      0.00      0.00         0.00      15.1      0.00      2.00      2.00      0.00      0.00      0.00      0.00      0.00      0.00      0.00      0.00
   4   9  0  -1 E2011002 I.Tanihata, H.  1985     0 4-BE-9(HE3,ABS),,SIG            0.00      0.00      0.00      0.00         0.00      498.     0.803     2.370E+03 2.370E+03  0.00      0.00      0.00      0.00      0.00      0.00      0.00      0.00
   3   7  0  -1 C0883002 J.Yan,F.E.Ceci  2002     0 3-LI-7(HE3,P)4-BE-9,PAR,SIG,,S  0.00      0.00      0.00      0.00         0.00     5.486E-07  14.4     0.160     0.170      0.00      0.00      0.00      0.00      0.00      0.00      0.00      0.00
   3   7  0  -1 C0139005 D.P.RATH,R.N.B  1990     0 3-LI-7(HE3,P)4-BE-9,PAR,SIG     0.00      0.00      0.00      0.00         0.00      4.54      7.40     0.608      2.59      0.00      0.00      0.00      0.00      0.00      0.00      0.00      0.00
   3   7  0  -1 C0139004 D.P.RATH,R.N.B  1990     0 3-LI-7(HE3,P)4-BE-9,PAR,SIG,,S  0.00      0.00      0.00      0.00         0.00      3.21      0.00     0.601      2.59      0.00      0.00      0.00      0.00      0.00      0.00      0.00      0.00
   3   7  0  -1 C0139003 D.P.RATH,R.N.B  1990     0 3-LI-7(HE3,P)4-BE-9,PAR,SIG     0.00      0.00      0.00      0.00         0.00      3.27      0.00     0.601      2.59      0.00      0.00      0.00      0.00      0.00      0.00      0.00      0.00
   3   6  0  -1 T0031008 A.J.ELWYN,R.E.  1980     0 3-LI-6(HE3,P)4-BE-8,PAR,SIG     0.00      0.00      0.00      0.00         0.00      17.3      4.32     0.660      1.85      0.00      0.00      0.00      0.00      0.00      0.00      0.00      0.00
   3   6  0  -1 F0001004 C.R.Gould,J.R.  1976     0 3-LI-6(HE3,P)4-BE-8,PAR,SIG     0.00      0.00      0.00      0.00         0.00      10.5      15.0      2.94      5.98      0.00      0.00      0.00      0.00      0.00      0.00      0.00      0.00
   3   6  0  -1 T0031007 A.J.ELWYN,R.E.  1980     0 3-LI-6(HE3,P)4-BE-8,PAR,SIG     0.00      0.00      0.00      0.00         0.00      4.21      1.52     0.461      1.85      0.00      0.00      0.00      0.00      0.00      0.00      0.00      0.00
   2   4  0  -1 O19840022M.Carmona-Gall  2012     0 2-HE-4(HE3,G)4-BE-7,,SIG,,SFC   0.00      0.00      0.00      0.00         0.00     4.383E-03  9.77      1.58      4.89      0.00      0.00      0.00      0.00      0.00      0.00      0.00      0.00
   2   4  0  -1 O19840021M.Carmona-Gall  2012     0 2-HE-4(HE3,G)4-BE-7,,SIG,,SFC   0.00      0.00      0.00      0.00         0.00     4.329E-03  9.49      1.58      4.89      0.00      0.00      0.00      0.00      0.00      0.00      0.00      0.00
   2   4  0  -1 O12680022B.S.Nara Singh  2004     0 2-HE-4(HE3,G)4-BE-7,,SIG,,SFC   0.00      0.00      0.00      0.00         0.00     1.218E-03  5.25     0.736      1.67      0.00      0.00      0.00      0.00      0.00      0.00      0.00      0.00
   2   4  0  -1 O12680021B.S.Nara Singh  2004     0 2-HE-4(HE3,G)4-BE-7,,SIG        0.00      0.00      0.00      0.00         0.00     1.214E-03  4.00     0.736      1.67      0.00      0.00      0.00      0.00      0.00      0.00      0.00      0.00
   2   4  0  -1 C2032002 A.Kontos,E.Ube  2013     0 2-HE-4(HE3,G)4-BE-7,,SIG,,SFC   0.00      0.00      0.00      0.00         0.00     1.637E-03  9.92     0.532      2.55      0.00      0.00      0.00      0.00      0.00      0.00      0.00      0.00
   2   4  0  -1 A0155002 J.L.Osborne,C.  1982     0 2-HE-4(HE3,G)4-BE-7,,SIG,,SFC   0.00      0.00      0.00      0.00         0.00     5.525E-04  6.87     0.288      2.19      0.00      0.00      0.00      0.00      0.00      0.00      0.00      0.00
   2   4  0  -1 O12680022B.S.Nara Singh  2004     0 2-HE-4(HE3,G)4-BE-7,,SIG,,SFC   0.00      0.00      0.00      0.00         0.00     1.218E-03  5.25     0.736      1.67      0.00      0.00      0.00      0.00      0.00      0.00      0.00      0.00
   2   4  0  -1 O12680021B.S.Nara Singh  2004     0 2-HE-4(HE3,G)4-BE-7,,SIG        0.00      0.00      0.00      0.00         0.00     1.214E-03  4.00     0.736      1.67      0.00      0.00      0.00      0.00      0.00      0.00      0.00      0.00
   2   4  0  -1 C2032002 A.Kontos,E.Ube  2013     0 2-HE-4(HE3,G)4-BE-7,,SIG,,SFC   0.00      0.00      0.00      0.00         0.00     1.637E-03  9.92     0.532      2.55      0.00      0.00      0.00      0.00      0.00      0.00      0.00      0.00
   2   4  0  -1 O19840022M.Carmona-Gall  2012     0 2-HE-4(HE3,G)4-BE-7,,SIG,,SFC   0.00      0.00      0.00      0.00         0.00     4.383E-03  9.77      1.58      4.89      0.00      0.00      0.00      0.00      0.00      0.00      0.00      0.00
   2   4  0  -1 O19840021M.Carmona-Gall  2012     0 2-HE-4(HE3,G)4-BE-7,,SIG,,SFC   0.00      0.00      0.00      0.00         0.00     4.329E-03  9.49      1.58      4.89      0.00      0.00      0.00      0.00      0.00      0.00      0.00      0.00
   2   3  0  -1 E1890003 N.Kudomi, M.Ko  2004     0 2-HE-3(HE3,2P)2-HE-4,,SIG,,SFC  0.00      0.00      0.00      0.00         0.00     4.423E-06  5.39     6.240E-02 9.060E-02  0.00      0.00      0.00      0.00      0.00      0.00      0.00      0.00
   2   3  0  -1 E1890002 N.Kudomi, M.Ko  2004     0 2-HE-3(HE3,2P)2-HE-4,,SIG       0.00      0.00      0.00      0.00         0.00     4.694E-06  3.84     6.240E-02 9.060E-02  0.00      0.00      0.00      0.00      0.00      0.00      0.00      0.00
   2   3  0  -1 C0205002 R.E.Brown,F.D.  1987     0 2-HE-3(HE3,2P)2-HE-4,,SIG       0.00      0.00      0.00      0.00         0.00      112.      4.62      17.9      24.0      0.00      0.00      0.00      0.00      0.00      0.00      0.00      0.00
   2   3  0  -1 A1137002 T.A.Tombrello,  1967     0 2-HE-3(HE3,2P)2-HE-4,,SIG,,SFC  0.00      0.00      0.00      0.00         0.00      44.4      18.0     0.310      5.92      0.00      0.00      0.00      0.00      0.00      0.00      0.00      0.00
   2   3  0  -1 A1067002 M.R.DWARAKANAT  1974     0 2-HE-3(HE3,2P)2-HE-4,,SIG,,,EX  0.00      0.00      0.00      0.00         0.00     1.077E-02  5.00     6.540E-02 0.297      0.00      0.00      0.00      0.00      0.00      0.00      0.00      0.00
   2   3  0  -1 A1066005 M.R.Dwarakanat  1971     0 2-HE-3(HE3,2P)2-HE-4,,SIG,,SFC  0.00      0.00      0.00      0.00         0.00      8.59      13.7     0.160      2.20      0.00      0.00      0.00      0.00      0.00      0.00      0.00      0.00
   2   3  0  -1 A1066004 M.R.Dwarakanat  1971     0 2-HE-3(HE3,2P)2-HE-4,,SIG       0.00      0.00      0.00      0.00         0.00      8.70      13.2     0.160      2.20      0.00      0.00      0.00      0.00      0.00      0.00      0.00      0.00
   2   3  0  -1 A1060005 Wang Neng-Ming  1966     0 2-HE-3(HE3,2P)2-HE-4,,SIG       0.00      0.00      0.00      0.00         0.00      10.9      5.99     0.882      1.45      0.00      0.00      0.00      0.00      0.00      0.00      0.00      0.00
   2   3  0  -1 A04690062A.Krauss,H.W.B  1987     0 2-HE-3(HE3,2P)2-HE-4,,SIG,,SFC  0.00      0.00      0.00      0.00         0.00     0.143      4.65     9.800E-02 0.341      0.00      0.00      0.00      0.00      0.00      0.00      0.00      0.00
   2   3  0  -1 A04690061A.Krauss,H.W.B  1987     0 2-HE-3(HE3,2P)2-HE-4,,SIG       0.00      0.00      0.00      0.00         0.00     0.108      5.30     9.800E-02 0.341      0.00      0.00      0.00      0.00      0.00      0.00      0.00      0.00
   2   3  0  -1 A0469002 A.Krauss,H.W.B  1987     0 2-HE-3(HE3,2P)2-HE-4,,SIG,,SFC  0.00      0.00      0.00      0.00         0.00     0.265      7.10     4.902E-02 0.685      0.00      0.00      0.00      0.00      0.00      0.00      0.00      0.00
   2   3  0  -1 A0379002 R.Bonetti, C.B  1999     0 2-HE-3(HE3,2P)2-HE-4,,SIG,,SFC  0.00      0.00      0.00      0.00         0.00     1.339E-09  40.2     3.300E-02 4.872E-02  0.00      0.00      0.00      0.00      0.00      0.00      0.00      0.00
   2   3  0  -1 A0110002 M.Junker, A.D'  1998     0 2-HE-3(HE3,2P)2-HE-4,,SIG,,SFC  0.00      0.00      0.00      0.00         0.00     6.457E-04  14.3     4.152E-02 0.183      0.00      0.00      0.00      0.00      0.00      0.00      0.00      0.00
   2   3  0  -1 C0205011 R.E.Brown,F.D.  1987     0 2-HE-3(HE3,X)2-HE-4,,SIG        0.00      0.00      0.00      0.00         0.00      116.      4.29      17.9      24.0      0.00      0.00      0.00      0.00      0.00      0.00      0.00      0.00
   2   3  0  -1 C0205010 R.E.Brown,F.D.  1987     0 2-HE-3(HE3,X)2-HE-3,,SIG        0.00      0.00      0.00      0.00         0.00      117.      10.4      17.9      24.0      0.00      0.00      0.00      0.00      0.00      0.00      0.00      0.00
   2   3  0  -1 C0205009 R.E.Brown,F.D.  1987     0 2-HE-3(HE3,X)1-H-3,,SIG         0.00      0.00      0.00      0.00         0.00      6.53      21.9      17.9      24.0      0.00      0.00      0.00      0.00      0.00      0.00      0.00      0.00
   2   3  0  -1 C0205008 R.E.Brown,F.D.  1987     0 2-HE-3(HE3,X)1-H-2,,SIG         0.00      0.00      0.00      0.00         0.00      118.      7.87      17.9      24.0      0.00      0.00      0.00      0.00      0.00      0.00      0.00      0.00
   2   3  0  -1 C0205003 R.E.Brown,F.D.  1987     0 2-HE-3(HE3,P+D)2-HE-3,,SIG      0.00      0.00      0.00      0.00         0.00      106.      11.3      17.9      24.0      0.00      0.00      0.00      0.00      0.00      0.00      0.00      0.00
   2   3  0  -1 E1890003 N.Kudomi, M.Ko  2004     0 2-HE-3(HE3,2P)2-HE-4,,SIG,,SFC  0.00      0.00      0.00     8.383E-02     0.00     4.423E-06  5.39     6.240E-02 9.060E-02  0.00      0.00      0.00      0.00      0.00      0.00      0.00      0.00
   2   3  0  -1 E1890002 N.Kudomi, M.Ko  2004     0 2-HE-3(HE3,2P)2-HE-4,,SIG       0.00      0.00      0.00     0.104         0.00     4.694E-06  3.84     6.240E-02 9.060E-02  0.00      0.00      0.00      0.00      0.00      0.00      0.00      0.00
   2   3  0  -1 A0379002 R.Bonetti, C.B  1999     0 2-HE-3(HE3,2P)2-HE-4,,SIG,,SFC  0.00      0.00      0.00     6.766E-02     0.00     1.339E-09  40.2     3.300E-02 4.872E-02  0.00      0.00      0.00      0.00      0.00      0.00      0.00      0.00
   2   3  0  -1 C0205005 R.E.Brown,F.D.  1987     0 2-HE-3(HE3,N+2P)2-HE-3,,SIG     0.00      0.00      0.00      0.00         0.00      14.7      101.      24.0      24.0      0.00      0.00      0.00      0.00      0.00      0.00      0.00      0.00
   2   3  0  -1 C0205012 R.E.Brown,F.D.  1987     0 2-HE-3(HE3,NON),,SIG            0.00      0.00      0.00      0.00         0.00      234.      4.03      17.9      24.0      0.00      0.00      0.00      0.00      0.00      0.00      0.00      0.00
   1   2  0  -1 A1073004 H.SCHRODER,W.M  1970     0 1-H-2(HE3,G)3-LI-5,,SIG,,,EXP   0.00      0.00      0.00      0.00         0.00     4.844E-02  4.66      2.52      11.7      0.00      0.00      0.00      0.00      0.00      0.00      0.00      0.00
   1   2  0  -1 A1036004 L.KRAUS,M.SUFF  1968     0 1-H-2(HE3,G)3-LI-5,,SIG,,,EXP   0.00      0.00      0.00      0.00         0.00     3.730E-02  3.75      16.6      16.6      0.00      0.00      0.00      0.00      0.00      0.00      0.00      0.00
   1   2  0  -1 F0555002 H.Costantini,A  2000     0 1-H-2(HE3,P)2-HE-4,,SIG,,SFC    0.00      0.00      0.00      0.00         0.00     4.725E-04  5.80     1.098E-02 3.484E-02  0.00      0.00      0.00      0.00      0.00      0.00      0.00      0.00
   1   2  0  -1 A1291003 U.Schroeder,S.  1989     0 1-H-2(HE3,P)2-HE-4,,SIG,,SFC    0.00      0.00      0.00      0.00         0.00     7.690E-02  2.99     1.773E-02 7.417E-02  0.00      0.00      0.00      0.00      0.00      0.00      0.00      0.00
   1   2  0  -1 A1185002 W.Moller,F.Bes  1980     0 1-H-2(HE3,P)2-HE-4,,SIG         0.00      0.00      0.00      0.00         0.00      470.      3.44     0.214      2.16      0.00      0.00      0.00      0.00      0.00      0.00      0.00      0.00
   1   2  0  -1 A1173002 CARLTON         1970     0 1-H-2(HE3,P)2-HE-4,,SIG,,,EXP   0.00      0.00      0.00      0.00         0.00      506.      1.77     0.267     0.896      0.00      0.00      0.00      0.00      0.00      0.00      0.00      0.00
   1   2  0  -1 A1065004 W.E.KUNZ        1955     0 1-H-2(HE3,P)2-HE-4,,SIG,,,EXP   0.00      0.00      0.00      0.00         0.00      26.4      1.21     9.940E-02 0.240      0.00      0.00      0.00      0.00      0.00      0.00      0.00      0.00
   1   2  0  -1 A1065003 W.E.KUNZ        1955     0 1-H-2(HE3,P)2-HE-4,,SIG,,,EXP   0.00      0.00      0.00      0.00         0.00      365.      122.     0.104     0.824      0.00      0.00      0.00      0.00      0.00      0.00      0.00      0.00
   1   2  0  -1 A0627002 P.Prati,C.Arpe  1994     0 1-H-2(HE3,P)2-HE-4,,SIG,,SFC    0.00      0.00      0.00      0.00         0.00     0.227      7.40     1.344E-02 7.815E-02  0.00      0.00      0.00      0.00      0.00      0.00      0.00      0.00
   1   2  0  -1 A0411005 S.Engstler,A.K  1988     0 1-H-2(HE3,P)2-HE-4,,SIG,,SFC    0.00      0.00      0.00      0.00         0.00     6.713E-02  2.14     1.721E-02 7.410E-02  0.00      0.00      0.00      0.00      0.00      0.00      0.00      0.00
   1   2  0  -1 A1291003 U.Schroeder,S.  1989     0 1-H-2(HE3,P)2-HE-4,,SIG,,SFC    0.00      0.00      0.00      0.00         0.00     7.690E-02  2.99     1.773E-02 7.417E-02  0.00      0.00      0.00      0.00      0.00      0.00      0.00      0.00
   1   2  0  -1 A0627002 P.Prati,C.Arpe  1994     0 1-H-2(HE3,P)2-HE-4,,SIG,,SFC    0.00      0.00      0.00      0.00         0.00     0.227      7.40     1.344E-02 7.815E-02  0.00      0.00      0.00      0.00      0.00      0.00      0.00      0.00
   1   2  0  -1 A1185002 W.Moller,F.Bes  1980     0 1-H-2(HE3,P)2-HE-4,,SIG         0.00      0.00      0.00      0.00         0.00      470.      3.44     0.214      2.16      0.00      0.00      0.00      0.00      0.00      0.00      0.00      0.00
   1   2  0  -1 A1065004 W.E.KUNZ        1955     0 1-H-2(HE3,P)2-HE-4,,SIG,,,EXP   0.00      0.00      0.00      0.00         0.00      26.4      1.21     9.940E-02 0.240      0.00      0.00      0.00      0.00      0.00      0.00      0.00      0.00
   1   2  0  -1 A1065003 W.E.KUNZ        1955     0 1-H-2(HE3,P)2-HE-4,,SIG,,,EXP   0.00      0.00      0.00      0.00         0.00      365.      122.     0.104     0.824      0.00      0.00      0.00      0.00      0.00      0.00      0.00      0.00
   1   2  0  -1 A0411005 S.Engstler,A.K  1988     0 1-H-2(HE3,P)2-HE-4,,SIG,,SFC    0.00      0.00      0.00      0.00         0.00     6.713E-02  2.14     1.721E-02 7.410E-02  0.00      0.00      0.00      0.00      0.00      0.00      0.00      0.00
   1   2  0  -1 F0555002 H.Costantini,A  2000     0 1-H-2(HE3,P)2-HE-4,,SIG,,SFC    0.00      0.00      0.00      0.00         0.00     4.725E-04  5.80     1.098E-02 3.484E-02  0.00      0.00      0.00      0.00      0.00      0.00      0.00      0.00
   1   2  0  -1 A1173002 CARLTON         1970     0 1-H-2(HE3,P)2-HE-4,,SIG,,,EXP   0.00      0.00      0.00      0.00         0.00      506.      1.77     0.267     0.896      0.00      0.00      0.00      0.00      0.00      0.00      0.00      0.00
   1   2  0  -1 A1073004 H.SCHRODER,W.M  1970     0 1-H-2(HE3,G)3-LI-5,,SIG,,,EXP   0.00      0.00      0.00      0.00         0.00     4.844E-02  4.66      2.52      11.7      0.00      0.00      0.00      0.00      0.00      0.00      0.00      0.00
   1   2  0  -1 A1036004 L.KRAUS,M.SUFF  1968     0 1-H-2(HE3,G)3-LI-5,,SIG,,,EXP   0.00      0.00      0.00      0.00         0.00     3.730E-02  3.75      16.6      16.6      0.00      0.00      0.00      0.00      0.00      0.00      0.00      0.00
   2   3  0  -1 A04690061A.Krauss,H.W.B  1987     1 2-HE-3(HE3,2P)2-HE-4,,SIG       1.01      1.01     0.349     0.449     T1 0.221     0.108      5.30     9.800E-02 0.341      0.00      0.00      1.01      0.00      0.00      0.00      0.00      0.00
  29  63  0  -1 D0162010 G.A.Brinkman,J  1977     1 29-CU-63(HE3,X)30-ZN-62,,SIG    1.02      1.02      0.00     0.477     T1  42.8      42.0      0.00      69.7      69.7      0.00      1.02      0.00      0.00      0.00      0.00      0.00      0.00
   2   3  0  -1 A04690062A.Krauss,H.W.B  1987     2 2-HE-3(HE3,2P)2-HE-4,,SIG,,SFC  1.02      1.01     0.576     0.448     T1 0.221     0.143      4.65     9.800E-02 0.341      0.00      0.00      1.02      0.00      0.00      0.00      0.00      0.00
   2   3  0  -1 C0205002 R.E.Brown,F.D.  1987     1 2-HE-3(HE3,2P)2-HE-4,,SIG       1.02      1.02     0.639     0.156     T1  116.      112.      4.62      17.9      24.0      0.00      0.00      1.02      0.00      0.00      0.00      0.00      0.00
   3   7  0  -1 A1486004 P.D.FORSYTH,R.  1965     7 3-LI-7(HE3,A)3-LI-6,PAR,SIG,,,  1.03     0.985     0.221     0.389     T1  13.8      14.4      15.0      1.81      5.13      0.00      0.00      1.03      0.00      0.00      0.00      0.00      0.00
   2   3  0  -1 A1137002 T.A.Tombrello,  1967    17 2-HE-3(HE3,2P)2-HE-4,,SIG,,SFC  1.03     0.976     0.174     0.349     T1  41.8      44.4      18.0     0.310      5.92      0.00      0.00      1.03      0.00      0.00      0.00      0.00      0.00
  29  65  0  -1 B0079006 E.A.Bryant, D.  1963    13 29-CU-65(HE3,N)31-GA-67,,SIG    1.04      1.01     0.195     0.369     T1  9.12      9.06      18.0      8.40      23.7      0.00      1.04      0.00      0.00      0.00      0.00      0.00      0.00
  29  65  0  -1 B0079006 E.A.Bryant, D.  1963    13 29-CU-65(HE3,N)31-GA-67,,SIG    1.04      1.01     0.195     0.355     T1  9.12      9.06      18.0      8.40      23.7      0.00      1.04      0.00      0.00      0.00      0.00      0.00      0.00
  38  88  0   0 C1756003 C.Riley,K.Ueno  1966     7 38-SR-88(HE3,P)39-Y-90-G,,SIG   1.06     0.989     0.227     0.354     T1  5.71      5.94      25.0      14.0      19.0      0.00      1.06      0.00      0.00      0.00      0.00      0.00      0.00
  38  88  0   0 C1756003 C.Riley,K.Ueno  1966     7 38-SR-88(HE3,P)39-Y-90-G,,SIG   1.06     0.989     0.227     0.344     T1  5.71      5.94      25.0      14.0      19.0      0.00      1.06      0.00      0.00      0.00      0.00      0.00      0.00
  29  63  0  -1 A0347006 H.H.Bissem,R.G  1980     5 29-CU-63(HE3,N)31-GA-65,,SIG    1.07     0.964     0.803     0.389     T1  3.94      4.16      8.00      13.7      24.3      0.00      1.07      0.00      0.00      0.00      0.00      0.00      0.00
  29  63  0  -1 A0347006 H.H.Bissem,R.G  1980     5 29-CU-63(HE3,N)31-GA-65,,SIG    1.07     0.964     0.803     0.393     T1  3.94      4.16      8.00      13.7      24.3      0.00      1.07      0.00      0.00      0.00      0.00      0.00      0.00
   6  12  0  -1 D0185003 A.Ingemarsson,  2001     3 6-C-12(HE3,NON),,SIG            1.07     0.944      2.19     3.701E-02 T1  673.      722.      4.86      96.4      167.      0.00      1.07      0.00      0.00      0.00      0.00      0.00      0.00
   2   3  0  -1 A1066005 M.R.Dwarakanat  1971    66 2-HE-3(HE3,2P)2-HE-4,,SIG,,SFC  1.07      1.03     0.416     0.373     T1  8.88      8.59      13.7     0.160      2.20      0.00      0.00      1.07      0.00      0.00      0.00      0.00      0.00
   2   3  0  -1 A1066004 M.R.Dwarakanat  1971    65 2-HE-3(HE3,2P)2-HE-4,,SIG       1.08      1.03     0.494     0.369     T1  9.01      8.70      13.2     0.160      2.20      0.00      0.00      1.08      0.00      0.00      0.00      0.00      0.00
  20  40  0  -1 D0185006 A.Ingemarsson,  2001     3 20-CA-40(HE3,NON),,SIG          1.09     0.916      2.27     3.080E-02 T1 1.163E+03 1.288E+03  6.46      96.4      167.      0.00      1.09      0.00      0.00      0.00      0.00      0.00      0.00
   3   6  0  -1 D5185016 V.N.Domnikov,D  1994     1 3-LI-6(HE3,NON),,SIG            1.09     0.917      3.40     5.210E-02 T1  569.      624.      4.81      93.0      93.0      0.00      1.09      0.00      0.00      0.00      0.00      0.00      0.00
   3   7  0  -1 D5185017 V.N.Domnikov,D  1994     1 3-LI-7(HE3,NON),,SIG            1.11     0.901      4.09     4.774E-02 T1  611.      682.      5.13      93.0      93.0      0.00      1.11      0.00      0.00      0.00      0.00      0.00      0.00
  28  58  0  -1 D5001002 E.P.Kadkin,S.N  1998     1 28-NI-58(HE3,NON),,SIG          1.13     0.886      4.34     7.120E-02 T1 1.390E+03 1.578E+03  5.70      95.0      95.0      0.00      1.13      0.00      0.00      0.00      0.00      0.00      0.00
  12   0  0   0 O2070002 G.F.Herzog, M.  2011     8 12-MG-0(HE3,X)13-AL-26-G,,SIG   1.13     0.992      1.35     0.352     T1  77.0      79.6      12.8      6.30      20.0      0.00      1.13      0.00      0.00      0.00      0.00      0.00      0.00
  82 208  0  -1 D0185014 A.Ingemarsson,  2001     3 82-PB-208(HE3,NON),,SIG         1.14     0.874      3.06     2.696E-02 T1 2.423E+03 2.812E+03  8.07      96.4      167.      0.00      1.14      0.00      0.00      0.00      0.00      0.00      0.00
  50 112  0  -1 D0185009 A.Ingemarsson,  2001     3 50-SN-112(HE3,NON),,SIG         1.14     0.876      4.60     5.161E-04 T1 1.821E+03 2.095E+03  6.52      96.4      167.      0.00      1.14      0.00      0.00      0.00      0.00      0.00      0.00
  92 236  0  -1 O1354003 J.Aaltonen, P.  2003     4 92-U-236(HE3,X)93-NP-235,,SIG   1.15     0.914     0.707     0.348     T1  9.89      11.3      20.6      46.3      59.4      0.00      1.15      0.00      0.00      0.00      0.00      0.00      0.00
  50 124  0  -1 D0185013 A.Ingemarsson,  2001     3 50-SN-124(HE3,NON),,SIG         1.15     0.876      4.88     1.578E-02 T1 1.948E+03 2.238E+03  6.09      96.4      167.      0.00      1.15      0.00      0.00      0.00      0.00      0.00      0.00
  50 120  0  -1 D0185012 A.Ingemarsson,  2001     3 50-SN-120(HE3,NON),,SIG         1.15     0.873      6.20     2.833E-02 T1 1.941E+03 2.232E+03  5.43      96.4      167.      0.00      1.15      0.00      0.00      0.00      0.00      0.00      0.00
  27  59  0  -1 D06540081A.Pichard, J.M  2011     2 27-CO-59(HE3,X)27-CO-57,,SIG    1.15     0.869      1.78     6.947E-02 T1  97.8      73.4      15.6      21.3      35.8      0.00      1.15      0.00      0.00      0.00      0.00      0.00      0.00
   8  16  0  -1 D0185004 A.Ingemarsson,  2001     3 8-O-16(HE3,NON),,SIG            1.15     0.875      11.8     5.852E-02 T1  762.      875.      4.20      96.4      167.      0.00      1.15      0.00      0.00      0.00      0.00      0.00      0.00
  50 116  0  -1 D0185010 A.Ingemarsson,  2001     3 50-SN-116(HE3,NON),,SIG         1.16     0.861      4.96     1.544E-02 T1 1.868E+03 2.182E+03  6.56      96.4      167.      0.00      1.16      0.00      0.00      0.00      0.00      0.00      0.00
  28  60  0  -1 D0185008 A.Ingemarsson,  2001     3 28-NI-60(HE3,NON),,SIG          1.16     0.865      5.53     2.512E-02 T1 1.380E+03 1.602E+03  5.92      96.4      167.      0.00      1.16      0.00      0.00      0.00      0.00      0.00      0.00
   4   9  0  -1 D0185002 A.Ingemarsson,  2001     3 4-BE-9(HE3,NON),,SIG            1.16     0.865      11.6     5.190E-02 T1  603.      700.      4.33      96.4      167.      0.00      1.16      0.00      0.00      0.00      0.00      0.00      0.00
  28  58  0  -1 D0185007 A.Ingemarsson,  2001     3 28-NI-58(HE3,NON),,SIG          1.17     0.855      7.42     2.908E-02 T1 1.344E+03 1.577E+03  5.37      96.4      167.      0.00      1.17      0.00      0.00      0.00      0.00      0.00      0.00
   2   3  0  -1 A1060005 Wang Neng-Ming  1966     4 2-HE-3(HE3,2P)2-HE-4,,SIG       1.17      1.16      8.05     0.283     T1  12.6      10.9      5.99     0.882      1.45      0.00      0.00      1.17      0.00      0.00      0.00      0.00      0.00
   2   3  0  -1 A0469002 A.Krauss,H.W.B  1987    28 2-HE-3(HE3,2P)2-HE-4,,SIG,,SFC  1.17      1.11      11.1     0.296     T1 0.445     0.265      7.10     4.902E-02 0.685      0.00      0.00      1.17      0.00      0.00      0.00      0.00      0.00
  50   0  0   1 A0538005 O.N.VYSOTSKIY,  1993     5 50-SN-0(HE3,X)51-SB-120-M,IND,  1.18     0.888      1.34     0.317     T1  31.1      35.2      14.8      42.0      94.0      0.00      1.18      0.00      0.00      0.00      0.00      0.00      0.00
  50 118  0  -1 D0185011 A.Ingemarsson,  2001     3 50-SN-118(HE3,NON),,SIG         1.19     0.840      9.54     1.262E-02 T1 1.890E+03 2.253E+03  5.45      96.4      167.      0.00      1.19      0.00      0.00      0.00      0.00      0.00      0.00
  28  64  0  -1 D5001003 E.P.Kadkin,S.N  1998     1 28-NI-64(HE3,NON),,SIG          1.19     0.842      9.44     2.356E-02 T1 1.475E+03 1.752E+03  5.14      95.0      95.0      0.00      1.19      0.00      0.00      0.00      0.00      0.00      0.00
  30  64  0  -1 R0041003 D.F.Crisler, H  1972     2 30-ZN-64(HE3,A)30-ZN-63,,SIG    1.20     0.881      1.59     0.166     T1  10.3      56.8      13.7      21.3      42.8      0.00      1.20      0.00      0.00      0.00      0.00      0.00      0.00
  14  28  0  -1 D0185005 A.Ingemarsson,  2001     3 14-SI-28(HE3,NON),,SIG          1.22     0.824      13.1     4.585E-02 T1  950.     1.155E+03  5.01      96.4      167.      0.00      1.22      0.00      0.00      0.00      0.00      0.00      0.00
  22   0  0  -1 D0965002 O.Lebeda, J.Ra  2020    25 22-TI-0(HE3,X)23-V-48,CUM,SIG   1.23     0.901      3.49     0.321     T1  263.      300.      10.7      13.8      46.9      0.00      1.23      0.00      0.00      0.00      0.00      0.00      0.00
  21  45  0   0 D0716003 N.K.Skobelev,   2013     8 21-SC-45(HE3,X)21-SC-44-G,,SIG  1.23      1.11      48.0     0.385     T1  16.6      15.1      4.05      7.10      20.9      0.00      1.23      0.00      0.00      0.00      0.00      0.00      0.00
   5  10  0  -1 F0207010 O.D.Brill'      1965     9 5-B-10(HE3,X)6-C-11,,SIG        1.23     0.952     0.787     0.333     T1  149.      164.      25.0      8.87      29.8      0.00      1.23      0.00      0.00      0.00      0.00      0.00      0.00
  26  56  0  -1 C2320003 J.-P.Hazan,M.B  1965    13 26-FE-56(HE3,3N)28-NI-56,,SIG   1.24     0.863     0.823     0.252     T1 0.933      1.23      25.0      19.8      29.3      0.00      1.24      0.00      0.00      0.00      0.00      0.00      0.00
  26  56  0  -1 C2320003 J.-P.Hazan,M.B  1965    13 26-FE-56(HE3,3N)28-NI-56,,SIG   1.24     0.863     0.823     0.374     T1 0.933      1.23      25.0      19.8      29.3      0.00      1.24      0.00      0.00      0.00      0.00      0.00      0.00
  21  45  0   1 C2342002 C.Riley         1970    13 21-SC-45(HE3,A)21-SC-44-M,,SIG  1.24     0.925      1.35     0.307     T1  3.42      3.90      20.0      6.00      19.0      0.00      1.24      0.00      0.00      0.00      0.00      0.00      0.00
  40  90  0  -1 F0561003 A.D.Duysebaev,  2003     1 40-ZR-90(HE3,NON),,SIG          1.25     0.800      15.0     2.481E-02 T1 1.704E+03 2.130E+03  5.16      95.0      95.0      0.00      1.25      0.00      0.00      0.00      0.00      0.00      0.00
  37   0  0   0 A0284006 Y.Homma,M.Ishi  1980     7 37-RB-0(HE3,X)39-Y-85-G,,SIG    1.26     0.937      0.00     0.272     T1  6.56      6.75      0.00      16.5      37.3      0.00      1.26      0.00      0.00      0.00      0.00      0.00      0.00
  29   0  0  -1 D4109008 F.Tarkanyi,F.D  2002    21 29-CU-0(HE3,X)30-ZN-65,CUM,SIG  1.26     0.964      3.52     0.314     T1  96.0      99.5      13.7      8.10      24.7      0.00      1.26      0.00      0.00      0.00      0.00      0.00      0.00
  21  45  0   1 C2342002 C.Riley         1970    13 21-SC-45(HE3,A)21-SC-44-M,,SIG  1.26     0.865      1.29     0.358     T1  3.18      3.90      20.0      6.00      19.0      0.00      1.26      0.00      0.00      0.00      0.00      0.00      0.00
   2   3  0  -1 A0110002 M.Junker, A.D'  1998     4 2-HE-3(HE3,2P)2-HE-4,,SIG,,SFC  1.26      1.22      6.32     0.347     T1 4.504E-03 6.457E-04  14.3     4.152E-02 0.183      0.00      0.00      1.26      0.00      0.00      0.00      0.00      0.00
  29  65  0  -1 A0347044 H.H.Bissem,R.G  1980     2 29-CU-65(HE3,3N)31-GA-65,,SIG   1.27      1.19      12.6     0.336     T1  35.5      30.5      8.00      20.0      24.3      0.00      1.27      0.00      0.00      0.00      0.00      0.00      0.00
  29  65  0  -1 A0347044 H.H.Bissem,R.G  1980     2 29-CU-65(HE3,3N)31-GA-65,,SIG   1.27      1.19      12.6     0.286     T1  35.5      30.5      8.00      20.0      24.3      0.00      1.27      0.00      0.00      0.00      0.00      0.00      0.00
  26   0  0  -1 D4140007 F.Tarkanyi,F.D  2003    13 26-FE-0(HE3,X)28-NI-56,,SIG     1.27     0.863      4.40     0.310     T1 0.577     0.681      10.6      12.4      25.4      0.00      1.27      0.00      0.00      0.00      0.00      0.00      0.00
  50   0  0  -1 A0538004 O.N.VYSOTSKIY,  1993     5 50-SN-0(HE3,X)51-SB-122,IND,SI  1.28      1.04      3.26     0.272     T1  30.9      27.6      16.2      42.0      94.0      0.00      1.28      0.00      0.00      0.00      0.00      0.00      0.00
  30   0  0  -1 D4373003 M.Al-Abyad,G.Y  2017    18 30-ZN-0(HE3,X)31-GA-68,,SIG     1.28     0.951      3.71     0.318     T1  60.8      67.4      14.5      8.60      26.6      0.00      1.28      0.00      0.00      0.00      0.00      0.00      0.00
   5  10  0  -1 F0407004 J.R.Patterson,  1965    41 5-B-10(HE3,X)6-C-11,,SIG        1.28     0.783      1.07     0.247     T1  82.3      118.      30.1      3.95      7.99      0.00      1.28      0.00      0.00      0.00      0.00      0.00      0.00
  19  39  0   0 A0240004KD.M.Lee,S.S.Ma  1974    10 19-K-39(HE3,A)19-K-38-G,,SIG    1.29     0.809      1.85     0.256     T1  5.94      7.74      20.0      7.55      20.0      0.00      1.29      0.00      0.00      0.00      0.00      0.00      0.00
  44 102  0  -1 D5057009 Ye.Skakun, S.M  2008     2 44-RU-102(HE3,X)45-RH-100,CUM,  1.30     0.829      1.64     0.121     T1  93.2      45.3      20.9      23.1      33.6      0.00      1.30      0.00      0.00      0.00      0.00      0.00      0.00
  28  58  0  -1 C1976003 E.F.Aguilera,E  2013     3 28-NI-58(HE3,X)1-H-1,,SIG       1.30     0.785      34.1     0.265     T1  458.      569.      4.51      10.2      12.7      0.00      1.30      0.00      0.00      0.00      0.00      0.00      0.00
  21  45  0  -1 D0716002 N.K.Skobelev,   2013     9 21-SC-45(HE3,X)21-SC-43,,SIG    1.30     0.931      23.9     0.296     T1  31.2      34.9      5.93      8.26      24.7      0.00      1.30      0.00      0.00      0.00      0.00      0.00      0.00
  21  45  0  -1 D0716002 N.K.Skobelev,   2013     9 21-SC-45(HE3,X)21-SC-43,,SIG    1.30     0.931      23.9     0.307     T1  31.2      34.9      5.93      8.26      24.7      0.00      1.30      0.00      0.00      0.00      0.00      0.00      0.00
  78   0  0  -1 D41720062S.Sudar, S.M.Q  2006    18 78-PT-0(HE3,X)79-AU-196-G+M1,,  1.31      1.18     5.592E+03 0.239     T1  82.4      68.8     0.756      18.1      34.9      0.00      1.31      0.00      0.00      0.00      0.00      0.00      0.00
  47   0  0  -1 D4395010 F.Tarkanyi,F.D  2018     8 47-AG-0(HE3,X)48-CD-109,CUM,SI  1.32     0.802      1.95     0.283     T1  232.      308.      22.8      18.2      26.6      0.00      1.32      0.00      0.00      0.00      0.00      0.00      0.00
  26   0  0  -1 D4140006 F.Tarkanyi,F.D  2003    13 26-FE-0(HE3,X)27-CO-58,,SIG     1.32     0.807      5.38     0.348     T1  24.7      30.1      9.79      12.4      25.4      0.00      1.32      0.00      0.00      0.00      0.00      0.00      0.00
  22   0  0  -1 D4360003 F.Szelecsenyi,  2017    46 22-TI-0(HE3,X)23-V-48,,SIG      1.33     0.826      5.88     0.328     T1  193.      228.      10.9      11.8      68.4      0.00      1.33      0.00      0.00      0.00      0.00      0.00      0.00
  19  39  0   0 A0240004KD.M.Lee,S.S.Ma  1974    10 19-K-39(HE3,A)19-K-38-G,,SIG    1.33     0.760      2.05     0.254     T1  5.57      7.74      20.0      7.55      20.0      0.00      1.33      0.00      0.00      0.00      0.00      0.00      0.00
   2   3  0  -1 C0205007 R.E.Brown,F.D.  1987     1 2-HE-3(HE3,X)1-H-1,,SIG         1.33     0.751      32.9     8.586E-02 T1  206.      378.      5.49      17.9      24.0      0.00      0.00      1.33      0.00      0.00      0.00      0.00      0.00
   2   3  0  -1 A1067002 M.R.DWARAKANAT  1974     4 2-HE-3(HE3,2P)2-HE-4,,SIG,,,EX  1.33      1.33      45.1     0.122     T1 4.481E-02 1.077E-02  5.00     6.540E-02 0.297      0.00      0.00      1.33      0.00      0.00      0.00      0.00      0.00
  74 186  0  -1 R0053014 N.E.Scott, J.W  1968     1 74-W-186(HE3,X)75-RE-186,,SIG   1.34      1.34      0.00     0.260     T1  323.      241.      0.00      31.6      31.6      0.00      1.34      0.00      0.00      0.00      0.00      0.00      0.00
  29  63  0  -1 A0347005 H.H.Bissem,R.G  1980    14 29-CU-63(HE3,N)31-GA-65,,SIG    1.34     0.925      11.2     0.348     T1  3.61      4.07      10.0      7.50      31.7      0.00      1.34      0.00      0.00      0.00      0.00      0.00      0.00
  29  63  0  -1 A0347005 H.H.Bissem,R.G  1980    14 29-CU-63(HE3,N)31-GA-65,,SIG    1.34     0.925      11.2     0.396     T1  3.61      4.07      10.0      7.50      31.7      0.00      1.34      0.00      0.00      0.00      0.00      0.00      0.00
  36   0  0  -1 D4031006 F.Tarkanyi, S.  1990    14 36-KR-0(HE3,X)37-RB-84,,SIG     1.35      1.09      8.00     0.299     T1  161.      136.      12.0      14.7      91.9      0.00      1.35      0.00      0.00      0.00      0.00      0.00      0.00
  26   0  0  -1 D4140003 F.Tarkanyi,F.D  2003    13 26-FE-0(HE3,X)27-CO-55,,SIG     1.36     0.991      19.4     0.288     T1  14.7      14.9      9.18      12.4      25.4      0.00      1.36      0.00      0.00      0.00      0.00      0.00      0.00
   8  16  0  -1 F02050042R.L.Hahn,E.Ric  1966     7 8-O-16(HE3,A)8-O-15,,SIG        1.36      1.02      5.73     0.277     T1  119.      108.      12.7      2.90      8.90      0.00      1.36      0.00      0.00      0.00      0.00      0.00      0.00
  27  59  0  -1 D41580021A.Fenyvesi,F.T  2004     4 27-CO-59(HE3,X)25-MN-54,,SIG,,  1.37      1.09      4.61     0.297     T1  4.16      4.03      16.4      18.2      24.7      0.00      1.37      0.00      0.00      0.00      0.00      0.00      0.00
  22   0  0  -1 E2627002 M.U.Khandaker,  2019    13 22-TI-0(HE3,X)23-V-48,CUM,SIG   1.37     0.960      15.6     0.354     T1  206.      229.      8.31      8.70      54.8      0.00      1.37      0.00      0.00      0.00      0.00      0.00      0.00
   9  19  0  -1 F0207003 O.D.Brill'      1965    12 9-F-19(HE3,A)9-F-18,,SIG        1.37      1.09      5.37     0.416     T1  29.7      27.3      25.0      7.99      30.3      0.00      1.37      0.00      0.00      0.00      0.00      0.00      0.00
  10  20  0  -1 A0175003 H.Backhausen,   1981     6 10-NE-20(HE3,X)9-F-18,CUM,SIG   1.38     0.867      2.57     0.288     T1  186.      190.      20.1      17.3      32.4      0.00      1.38      0.00      0.00      0.00      0.00      0.00      0.00
   8  16  0  -1 F02050041R.L.Hahn,E.Ric  1966    10 8-O-16(HE3,P)9-F-18,,SIG        1.38      1.29      16.4     0.306     T1  352.      285.      11.3      2.90      9.50      0.00      1.38      0.00      0.00      0.00      0.00      0.00      0.00
   8  16  0  -1 F02050041R.L.Hahn,E.Ric  1966    10 8-O-16(HE3,P)9-F-18,,SIG        1.38      1.29      16.4     0.236     T1  352.      285.      11.3      2.90      9.50      0.00      1.38      0.00      0.00      0.00      0.00      0.00      0.00
  27  59  0  -1 D06540061A.Pichard, J.M  2011     2 27-CO-59(HE3,N)29-CU-61,,SIG    1.39     0.727      1.59     0.146     T1  4.66      7.15      28.1      21.3      21.3      0.00      1.39      0.00      0.00      0.00      0.00      0.00      0.00
  27  59  0  -1 D06540061A.Pichard, J.M  2011     2 27-CO-59(HE3,N)29-CU-61,,SIG    1.39     0.727      1.59     0.145     T1  4.66      7.15      28.1      21.3      21.3      0.00      1.39      0.00      0.00      0.00      0.00      0.00      0.00
  17  35  0   1 A02400034D.M.Lee,S.S.Ma  1974    11 17-CL-35(HE3,A)17-CL-34-M,,SIG  1.39     0.782      3.80     0.265     T1  7.11      8.87      15.0      7.55      20.0      0.00      1.39      0.00      0.00      0.00      0.00      0.00      0.00
  50   0  0  -1 D4338012 B.M.Ali,M.Al-A  2015    22 50-SN-0(HE3,X)51-SB-117,,SIG    1.42     0.755      6.33     0.297     T1  54.5      69.7      11.2      11.6      24.8      0.00      1.42      0.00      0.00      0.00      0.00      0.00      0.00
  46   0  0   0 D4315003 M.Al-Abyad,F.T  2014    10 46-PD-0(HE3,X)47-AG-104-G,CUM,  1.42      1.12      9.71     0.288     T1  41.8      44.6      22.3      18.3      26.5      0.00      1.42      0.00      0.00      0.00      0.00      0.00      0.00
  29  63  0  -1 T0120003 N.W.GOLCHERT,J  1970    24 29-CU-63(HE3,X)30-ZN-63,CUM,SI  1.42      1.26      14.8     0.288     T1  319.      269.      12.0      19.4      33.3      0.00      1.42      0.00      0.00      0.00      0.00      0.00      0.00
   4   9  0  -1 A0166002 S.N.Abramovich  1984     7 4-BE-9(HE3,N)6-C-11,,SIG        1.42      1.25      28.5     0.296     T1  146.      112.      9.88      1.95      6.22      0.00      1.42      0.00      0.00      0.00      0.00      0.00      0.00
   4   9  0  -1 A0166002 S.N.Abramovich  1984     7 4-BE-9(HE3,N)6-C-11,,SIG        1.42      1.25      28.5     0.209     T1  146.      112.      9.88      1.95      6.22      0.00      1.42      0.00      0.00      0.00      0.00      0.00      0.00
   6  12  0  -1 F0207005 O.D.Brill'      1965    10 6-C-12(HE3,A)6-C-11,,SIG        1.43      1.32      3.67     0.253     T1  153.      110.      25.0      5.09      31.1      0.00      1.43      0.00      0.00      0.00      0.00      0.00      0.00
  36   0  0   1 A0395009 F.Tarkanyi,S.M  1988    10 36-KR-0(HE3,X)37-RB-84-M,,SIG   1.44     0.986      5.64     0.284     T1  62.4      75.4      15.9      11.1      33.3      0.00      1.44      0.00      0.00      0.00      0.00      0.00      0.00
  26   0  0  -1 D4140005 F.Tarkanyi,F.D  2003    13 26-FE-0(HE3,X)27-CO-57,,SIG     1.44     0.735      9.95     0.277     T1  371.      490.      9.45      12.4      25.4      0.00      1.44      0.00      0.00      0.00      0.00      0.00      0.00
  46   0  0  -1 D4315004 M.Al-Abyad,F.T  2014    15 46-PD-0(HE3,X)47-AG-105,CUM,SI  1.46     0.974      4.81     0.261     T1  131.      163.      14.7      12.1      26.5      0.00      1.46      0.00      0.00      0.00      0.00      0.00      0.00
  30  68  0  -1 A0448022 Y.Nagame, H.Na  1989     8 30-ZN-68(HE3,X)31-GA-68,,SIG    1.46     0.783      14.5     0.276     T1  452.      586.      7.94      23.8      38.0      0.00      1.46      0.00      0.00      0.00      0.00      0.00      0.00
  29  63  0  -1 B0079014 E.A.Bryant, D.  1963     5 29-CU-63(HE3,X)27-CO-58,,SIG    1.46     0.691      8.18     0.455     T1  3.68      5.29      11.0      16.3      24.1      0.00      1.46      0.00      0.00      0.00      0.00      0.00      0.00
  22   0  0   1 D41120041F.Ditroi,F.Tar  2000    40 22-TI-0(HE3,X)21-SC-44-M,CUM,S  1.47     0.928      10.0     0.284     T1  3.46      3.95      10.5      9.48      35.8      0.00      1.47      0.00      0.00      0.00      0.00      0.00      0.00
  29  63  0  -1 B0079003 E.A.Bryant, D.  1963    11 29-CU-63(HE3,N)31-GA-65,,SIG    1.48     0.680      8.64     0.228     T1  4.22      6.32      11.0      8.70      23.6      0.00      1.48      0.00      0.00      0.00      0.00      0.00      0.00
  29  63  0  -1 B0079003 E.A.Bryant, D.  1963    11 29-CU-63(HE3,N)31-GA-65,,SIG    1.48     0.680      8.64     0.236     T1  4.22      6.32      11.0      8.70      23.6      0.00      1.48      0.00      0.00      0.00      0.00      0.00      0.00
  50   0  0  -1 D4338010 B.M.Ali,M.Al-A  2015    10 50-SN-0(HE3,X)51-SB-115,CUM,SI  1.49     0.871      2.90     0.277     T1  4.77      4.61      40.7      13.7      24.4      0.00      1.49      0.00      0.00      0.00      0.00      0.00      0.00
  27  59  0  -1 D4158005 A.Fenyvesi,F.T  2004     8 27-CO-59(HE3,N)29-CU-61,,SIG    1.49     0.834      4.28     0.308     T1  5.09      5.81      16.4      7.20      24.7      0.00      1.49      0.00      0.00      0.00      0.00      0.00      0.00
  27  59  0  -1 A0210006 R.Michel,M.Gal  1983     2 27-CO-59(HE3,X)27-CO-57,IND,SI  1.49      1.06      50.2     2.761E-02 T1  79.2      165.      6.63      14.7      128.      0.00      1.49      0.00      0.00      0.00      0.00      0.00      0.00
  27  59  0  -1 D4158005 A.Fenyvesi,F.T  2004     8 27-CO-59(HE3,N)29-CU-61,,SIG    1.49     0.834      4.28     0.311     T2  5.09      5.81      16.4      7.20      24.7      0.00      1.49      0.00      0.00      0.00      0.00      0.00      0.00
  36   0  0  -1 D4031005 F.Tarkanyi, S.  1990    14 36-KR-0(HE3,X)37-RB-83,CUM,SIG  1.50     0.891      8.96     0.330     T1  285.      298.      12.0      14.7      91.9      0.00      1.50      0.00      0.00      0.00      0.00      0.00      0.00
  27  59  0  -1 D41580031A.Fenyvesi,F.T  2004     7 27-CO-59(HE3,X)27-CO-57,,SIG,,  1.50      1.04      8.77     0.328     T1  78.1      64.1      30.7      7.20      24.7      0.00      1.50      0.00      0.00      0.00      0.00      0.00      0.00
  27  59  0  -1 D41580031A.Fenyvesi,F.T  2004     7 27-CO-59(HE3,X)27-CO-57,,SIG,,  1.50      1.04      8.77     0.322     T1  78.1      64.1      30.7      7.20      24.7      0.00      1.50      0.00      0.00      0.00      0.00      0.00      0.00
  47 109  0  -1 E1370011 Y.Nagame, Y.Na  1988     9 47-AG-109(HE3,2N+P)48-CD-109,,  1.51      1.21      10.2     0.400     T1  428.      385.      22.4      17.4      37.6      0.00      1.51      0.00      0.00      0.00      0.00      0.00      0.00
  30  64  0  -1 R0041006 D.F.Crisler, H  1972     4 30-ZN-64(HE3,X)31-GA-65,CUM,SI  1.51     0.710      3.93     0.288     T1  114.      162.      16.8      21.3      42.8      0.00      1.51      0.00      0.00      0.00      0.00      0.00      0.00
  24  52  0  -1 C1766007 M.W.Greene,E.L  1970     5 24-CR-52(HE3,X)25-MN-52,,SIG    1.51      1.49      34.5     0.268     T1  275.      181.      8.70      20.0      41.3      0.00      1.51      0.00      0.00      0.00      0.00      0.00      0.00
  83 209  0  -1 A0544006 O.N.Vysotsky,A  1992    10 83-BI-209(HE3,X)84-PO-206,CUM,  1.52      1.35      83.0     0.282     T1  487.      390.      6.84      59.5      96.4      0.00      1.52      0.00      0.00      0.00      0.00      0.00      0.00
  27  59  0  -1 D06540091A.Pichard, J.M  2011     5 27-CO-59(HE3,X)27-CO-58,,SIG    1.52      1.45      12.5     0.239     T1  228.      178.      14.8      21.3      35.8      0.00      1.52      0.00      0.00      0.00      0.00      0.00      0.00
  30  64  0  -1 A0448011 Y.Nagame, H.Na  1989    10 30-ZN-64(HE3,X)31-GA-65,CUM,SI  1.54     0.726      18.4     0.330     T1  153.      191.      7.94      8.30      33.9      0.00      1.54      0.00      0.00      0.00      0.00      0.00      0.00
  29  65  0  -1 A0347002 H.H.Bissem,R.G  1980    16 29-CU-65(HE3,N)31-GA-67,,SIG    1.54      1.00      16.4     0.340     T1  5.24      4.37      10.0      12.5      43.8      0.00      1.54      0.00      0.00      0.00      0.00      0.00      0.00
  29  65  0  -1 A0347002 H.H.Bissem,R.G  1980    16 29-CU-65(HE3,N)31-GA-67,,SIG    1.54      1.00      16.4     0.347     T2  5.24      4.37      10.0      12.5      43.8      0.00      1.54      0.00      0.00      0.00      0.00      0.00      0.00
  29   0  0  -1 D4109004 F.Tarkanyi,F.D  2002    22 29-CU-0(HE3,X)31-GA-67,,SIG     1.55     0.964      2.63     0.263     T1  2.41      2.71      25.8      3.10      24.7      0.00      1.55      0.00      0.00      0.00      0.00      0.00      0.00
  22   0  0  -1 D4080004 F.Tarkanyi,F.S  1991    21 22-TI-0(HE3,X)23-V-48,,SIG      1.55      1.31      42.9     0.249     T1  213.      189.      9.22      11.4      35.3      0.00      1.55      0.00      0.00      0.00      0.00      0.00      0.00
  92 235  0  -1 F1244002 A.D.Gedeonov,L  1991     1 92-U-235(HE3,N)94-PU-237,,SIG   1.58     0.635      10.8     4.985E-02 T2 2.284E-02 7.604E-02  13.7      17.2      41.6      0.00      1.58      0.00      0.00      0.00      0.00      0.00      0.00
  90 232  0  -1 F1466003 M.N.German,V.A  2022    11 90-TH-232(HE3,X)91-PA-232,,SIG  1.58      1.56      11.9     0.265     T1  116.      74.9      17.3      39.5      57.1      0.00      1.58      0.00      0.00      0.00      0.00      0.00      0.00
  17  35  0   1 A02400034D.M.Lee,S.S.Ma  1974    11 17-CL-35(HE3,A)17-CL-34-M,,SIG  1.58     0.714      5.56     0.259     T1  6.72      8.87      15.0      7.55      20.0      0.00      1.58      0.00      0.00      0.00      0.00      0.00      0.00
  36   0  0   1 A0395012 F.Tarkanyi,S.M  1988     9 36-KR-0(HE3,X)38-SR-87-M,,SIG   1.59     0.682      7.66     0.245     T1  1.36      1.99      17.7      11.2      33.0      0.00      1.59      0.00      0.00      0.00      0.00      0.00      0.00
  29   0  0  -1 D4109006 F.Tarkanyi,F.D  2002     8 29-CU-0(HE3,X)30-ZN-63,CUM,SIG  1.59      1.15      10.4     0.290     T1  179.      197.      15.6      14.0      35.7      0.00      1.59      0.00      0.00      0.00      0.00      0.00      0.00
  22   0  0  -1 D41120031F.Ditroi,F.Tar  2000    41 22-TI-0(HE3,X)24-CR-48,,SIG     1.59     0.924      19.7     0.310     T1  4.15      4.27      8.55      6.70      35.8      0.00      1.59      0.00      0.00      0.00      0.00      0.00      0.00
  79 197  0  -1 C2442008 F.D.Becchetti,  1983     4 79-AU-197(HE3,F),,SIG           1.60      1.03      3.42     0.278     T2 4.384E-02 1.766E-02  61.6      19.7      44.3      0.00      1.60      0.00      0.00      0.00      0.00      0.00      0.00
  21  45  0   0 C2342003 C.Riley         1970    13 21-SC-45(HE3,A)21-SC-44-G,,SIG  1.61      1.56      9.83     0.286     T1  14.5      9.08      20.0      6.00      19.0      0.00      1.61      0.00      0.00      0.00      0.00      0.00      0.00
  30   0  0  -1 E2395005 Y.Nagame, M.Un  1978    11 30-ZN-0(HE3,X)31-GA-67,CUM,SIG  1.62     0.838      0.00     0.356     T1  119.      127.      0.00      8.47      38.7      0.00      1.62      0.00      0.00      0.00      0.00      0.00      0.00
  29  63  0  -1 A0347029 H.H.Bissem,R.G  1980     5 29-CU-63(HE3,X)27-CO-58,,SIG    1.62     0.976      67.3     0.421     T1  3.37      4.09      8.00      14.3      24.3      0.00      1.62      0.00      0.00      0.00      0.00      0.00      0.00
  47 107  0  -1 E1963005 T.Omori, M.Yag  1980     6 47-AG-107(HE3,X)47-AG-105,CUM,  1.63      1.17      58.5     0.217     T1  4.79      20.8      8.00      13.8      37.6      0.00      1.63      0.00      0.00      0.00      0.00      0.00      0.00
  27  59  0  -1 A0210018 R.Michel,M.Gal  1983     4 27-CO-59(HE3,X)21-SC-47,,SIG    1.65     0.631     0.683     0.137     T1 0.124     0.353      113.      107.      128.      0.00      1.65      0.00      0.00      0.00      0.00      0.00      0.00
  22   0  0  -1 D4339004 A.H.M.Solieman  2016    19 22-TI-0(HE3,X)24-CR-51,,SIG     1.65     0.829      6.10     0.355     T1  11.1      13.4      25.5      6.80      26.6      0.00      1.65      0.00      0.00      0.00      0.00      0.00      0.00
  21  45  0  -1 D0716005 N.K.Skobelev,   2013    10 21-SC-45(HE3,X)21-SC-44,,SIG    1.65      1.19      436.     0.265     T1  30.4      22.4      3.53      7.07      24.7      0.00      1.65      0.00      0.00      0.00      0.00      0.00      0.00
  41  93  0  -1 A0583027 S.N.Kondratyev  1996     6 41-NB-93(HE3,X)40-ZR-86,CUM,SI  1.66      1.03      20.9     0.252     T1  10.3      14.4      14.5      69.1      93.0      0.00      1.66      0.00      0.00      0.00      0.00      0.00      0.00
  30   0  0  -1 D4373005 M.Al-Abyad,G.Y  2017    18 30-ZN-0(HE3,X)31-GA-66,CUM,SIG  1.66      1.08      16.1     0.268     T1  51.4      41.0      13.9      8.60      26.6      0.00      1.66      0.00      0.00      0.00      0.00      0.00      0.00
  30  66  0  -1 A0448019 Y.Nagame, H.Na  1989    10 30-ZN-66(HE3,X)31-GA-66,,SIG    1.67     0.942      68.2     0.288     T1  338.      402.      7.94      21.7      39.0      0.00      1.67      0.00      0.00      0.00      0.00      0.00      0.00
  21  45  0   0 C2342003 C.Riley         1970    13 21-SC-45(HE3,A)21-SC-44-G,,SIG  1.67      1.61      12.3     0.253     T1  15.0      9.08      20.0      6.00      19.0      0.00      1.67      0.00      0.00      0.00      0.00      0.00      0.00
  49   0  0  -1 D0081006 S.M.Qaim,H.Doe  1984    35 49-IN-0(HE3,X)50-SN-113,,SIG    1.68     0.942      11.7     0.295     T1  307.      357.      16.6      18.2      113.      0.00      1.68      0.00      0.00      0.00      0.00      0.00      0.00
  21  45  0  -1 D0716008 N.K.Skobelev,   2013     5 21-SC-45(HE3,X)22-TI-45,,SIG    1.68      1.57      4.55     0.261     T1  186.      130.      29.9      16.6      24.7      0.00      1.68      0.00      0.00      0.00      0.00      0.00      0.00
  47   0  0  -1 D4395003 F.Tarkanyi,F.D  2018     7 47-AG-0(HE3,X)48-CD-107,CUM,SI  1.69      1.52      5.75     0.303     T1  267.      189.      24.5      19.3      26.6      0.00      1.69      0.00      0.00      0.00      0.00      0.00      0.00
  24  52  0  -1 C1766008 M.W.Greene,E.L  1970     4 24-CR-52(HE3,X)25-MN-52,,SIG    1.69      1.53      135.     0.258     T1  294.      206.      7.68      21.8      39.5      0.00      1.69      0.00      0.00      0.00      0.00      0.00      0.00
  24   0  0  -1 D4013005 A.Fessler, Z.B  1994    18 24-CR-0(HE3,X)25-MN-54,,SIG     1.69     0.612      8.57     0.252     T1  34.9      56.8      16.0      6.10      35.2      0.00      1.69      0.00      0.00      0.00      0.00      0.00      0.00
  26   0  0  -1 D4140002 F.Tarkanyi,F.D  2003    13 26-FE-0(HE3,X)25-MN-54,,SIG     1.71     0.854      10.2     0.327     T1  47.4      47.2      10.0      12.4      25.4      0.00      1.71      0.00      0.00      0.00      0.00      0.00      0.00
  10   0  0  -1 D4134002 A.Fenyvesi, S.  1997    35 10-NE-0(HE3,X)11-NA-22,,SIG     1.71      1.01      10.6     0.236     T1  55.5      47.3      35.4      1.50      33.3      0.00      1.71      0.00      0.00      0.00      0.00      0.00      0.00
  28   0  0  -1 D4011009 S.Takacs,F.Tar  1995    19 28-NI-0(HE3,X)28-NI-56,,SIG     1.73     0.900      18.3     0.286     T1  4.73      4.63      12.6      13.2      35.0      0.00      1.73      0.00      0.00      0.00      0.00      0.00      0.00
  26   0  0  -1 C2345014 C.B.Fulmer,I.R  1972    10 26-FE-0(HE3,X)25-MN-54,,SIG     1.73      1.05      8.83     0.260     T1  84.1      75.9      22.8      15.7      68.3      0.00      1.73      0.00      0.00      0.00      0.00      0.00      0.00
  12  24  0   0 O1718004 C.Fitoussi,J.D  2008    11 12-MG-24(HE3,P)13-AL-26-G,,SIG  1.73     0.613      4.30     0.257     T1  50.2      76.5      20.2      5.90      24.9      0.00      1.73      0.00      0.00      0.00      0.00      0.00      0.00
  12  24  0   0 O1718004 C.Fitoussi,J.D  2008    11 12-MG-24(HE3,P)13-AL-26-G,,SIG  1.73     0.613      4.30     0.277     T1  50.2      76.5      20.2      5.90      24.9      0.00      1.73      0.00      0.00      0.00      0.00      0.00      0.00
  24   0  0   0 D4013003 A.Fessler, Z.B  1994    21 24-CR-0(HE3,X)25-MN-52-G,,SIG   1.74     0.957      13.7     0.278     T1  116.      162.      18.1      10.8      35.2      0.00      1.74      0.00      0.00      0.00      0.00      0.00      0.00
  46   0  0   1 D4315005 M.Al-Abyad,F.T  2014    15 46-PD-0(HE3,X)47-AG-106-M,,SIG  1.75      1.59      33.3     0.290     T1  51.0      38.2      13.9      12.1      26.5      0.00      1.75      0.00      0.00      0.00      0.00      0.00      0.00
  20   0  0  -1 O2070004 G.F.Herzog, M.  2011     1 20-CA-0(HE3,X)17-CL-36,,SIG     1.75     0.571      7.21     0.123     T1  1.83      1.86      18.3      24.9      35.2      0.00      1.75      0.00      0.00      0.00      0.00      0.00      0.00
   9  19  0  -1 F02050051R.L.Hahn,E.Ric  1966     6 9-F-19(HE3,A)9-F-18,,SIG        1.75      1.55      74.6     0.334     T1  28.5      17.3      9.93      3.70      9.35      0.00      1.75      0.00      0.00      0.00      0.00      0.00      0.00
   9  19  0  -1 F02050051R.L.Hahn,E.Ric  1966     6 9-F-19(HE3,A)9-F-18,,SIG        1.75      1.55      74.6     0.319     T1  28.5      17.3      9.93      3.70      9.35      0.00      1.75      0.00      0.00      0.00      0.00      0.00      0.00
  78   0  0  -1 D4281012 M.Al-Abyad,F.T  2013     9 78-PT-0(HE3,X)79-AU-192,CUM,SI  1.76     0.776      3.13     0.279     T1  1.21      1.38      14.7      18.1      26.2      0.00      1.76      0.00      0.00      0.00      0.00      0.00      0.00
  29  63  0  -1 A0347024 H.H.Bissem,R.G  1980    17 29-CU-63(HE3,X)30-ZN-63,CUM,SI  1.76      1.35      117.     0.338     T1  269.      238.      10.0      18.4      42.5      0.00      1.76      0.00      0.00      0.00      0.00      0.00      0.00
  27  59  0  -1 A0602006 S.N.KONDRATYEV  1998     2 27-CO-59(HE3,N+A)27-CO-57,,SIG  1.76     0.776      41.7     5.431E-02 T1  85.3      172.      6.77      17.0      91.9      0.00      1.76      0.00      0.00      0.00      0.00      0.00      0.00
  48   0  0   1 D4298013 B.M.Ali,M.Al-A  2014     9 48-CD-0(HE3,X)49-IN-113-M,,SIG  1.77      1.30      84.0     0.313     T1  26.2      24.4      12.3      11.2      26.4      0.00      1.77      0.00      0.00      0.00      0.00      0.00      0.00
  13  27  0  -1 A0158005 R.Michel, G.Br  1982    19 13-AL-27(HE3,X)11-NA-22,CUM,SI  1.77      1.16      77.5     0.284     T1  49.9      33.4      7.33      8.50      126.      0.00      1.77      0.00      0.00      0.00      0.00      0.00      0.00
   6  12  0  -1 O2016003 V.Liebler, K.B  1989    85 6-C-12(HE3,A)6-C-11,,SIG        1.77     0.630      25.6     0.276     T1  168.      244.      3.92      1.78      14.0      0.00      1.77      0.00      0.00      0.00      0.00      0.00      0.00
  22   0  0  -1 E2627007 M.U.Khandaker,  2019    11 22-TI-0(HE3,X)21-SC-43,,SIG     1.78     0.829      5.46     0.274     T1  6.40      8.26      52.1      21.3      54.8      0.00      1.78      0.00      0.00      0.00      0.00      0.00      0.00
  21  45  0   1 D0716004 N.K.Skobelev,   2013     8 21-SC-45(HE3,X)21-SC-44-M,,SIG  1.78     0.620      62.6     0.234     T1  4.17      6.70      5.74      7.10      20.9      0.00      1.78      0.00      0.00      0.00      0.00      0.00      0.00
  30   0  0  -1 D4373004 M.Al-Abyad,G.Y  2017    18 30-ZN-0(HE3,X)31-GA-67,CUM,SIG  1.79     0.768      129.     0.256     T1  121.      190.      12.7      8.60      26.6      0.00      1.79      0.00      0.00      0.00      0.00      0.00      0.00
  22   0  0  -1 D4112002 F.Ditroi,F.Tar  2000    62 22-TI-0(HE3,X)23-V-48,,SIG      1.79      1.15      238.     0.296     T1  196.      172.      11.3      2.35      35.8      0.00      1.79      0.00      0.00      0.00      0.00      0.00      0.00
  47 107  0   0 A0319003GP.Misaelides,H  1980    15 47-AG-107(HE3,2N)49-IN-108-G,,  1.80     0.798      9.95     0.279     T1  12.0      16.0      13.0      12.3      39.7      0.00      1.80      0.00      0.00      0.00      0.00      0.00      0.00
  47 107  0   0 A0319003GP.Misaelides,H  1980    15 47-AG-107(HE3,2N)49-IN-108-G,,  1.80     0.798      9.95     0.270     T2  12.0      16.0      13.0      12.3      39.7      0.00      1.80      0.00      0.00      0.00      0.00      0.00      0.00
  30  64  0  -1 R0041004 D.F.Crisler, H  1972     4 30-ZN-64(HE3,N)32-GE-66,,SIG    1.81     0.579      11.0     0.252     T1  1.56      2.52      12.9      21.3      42.8      0.00      1.81      0.00      0.00      0.00      0.00      0.00      0.00
  30  64  0  -1 R0041004 D.F.Crisler, H  1972     4 30-ZN-64(HE3,N)32-GE-66,,SIG    1.81     0.579      11.0     0.359     T2  1.56      2.52      12.9      21.3      42.8      0.00      1.81      0.00      0.00      0.00      0.00      0.00      0.00
  78   0  0   0 D4281018 M.Al-Abyad,F.T  2013    12 78-PT-0(HE3,X)79-AU-198-G,,SIG  1.82     0.731      11.8     0.283     T1  5.93      5.78      11.5      15.6      26.2      0.00      1.82      0.00      0.00      0.00      0.00      0.00      0.00
  30   0  0  -1 E2395007 Y.Nagame, M.Un  1978    10 30-ZN-0(HE3,X)31-GA-66,CUM,SIG  1.82     0.931      0.00     0.351     T1  70.8      63.4      0.00      8.52      36.0      0.00      1.82      0.00      0.00      0.00      0.00      0.00      0.00
  29  63  0  -1 A0347028 H.H.Bissem,R.G  1980     5 29-CU-63(HE3,X)29-CU-61,,SIG    1.82     0.567      29.7     0.350     T1  34.4      59.2      8.00      13.7      24.3      0.00      1.82      0.00      0.00      0.00      0.00      0.00      0.00
  28   0  0  -1 D4011011 S.Takacs,F.Tar  1995    23 28-NI-0(HE3,X)29-CU-60,CUM,SIG  1.82     0.991      9.95     0.272     T1  39.1      33.2      12.4      5.80      35.0      0.00      1.82      0.00      0.00      0.00      0.00      0.00      0.00
  25  55  0  -1 B0178003 M.Watanabe, H.  1979    29 25-MN-55(HE3,2N)27-CO-56,,SIG   1.83     0.622      0.00     0.282     T1  42.4      48.3      0.00      8.38      39.0      0.00      1.83      0.00      0.00      0.00      0.00      0.00      0.00
  25  55  0  -1 B0178003 M.Watanabe, H.  1979    29 25-MN-55(HE3,2N)27-CO-56,,SIG   1.83     0.622      0.00     0.284     T2  42.4      48.3      0.00      8.38      39.0      0.00      1.83      0.00      0.00      0.00      0.00      0.00      0.00
   6  12  0  -1 P0100003 D.R.Osgood,J.R  1964     3 6-C-12(HE3,N)8-O-14,,SIG        1.83      1.12      54.6     0.414     T1  14.5      15.7      12.9      3.00      6.60      0.00      1.83      0.00      0.00      0.00      0.00      0.00      0.00
   6  12  0  -1 C0482002 Hsin-min Kuan,  1964    68 6-C-12(HE3,N)8-O-14,,SIG        1.83     0.793      3.22     0.282     T1  7.20      11.5      30.0      1.42      3.46      0.00      1.83      0.00      0.00      0.00      0.00      0.00      0.00
   6  12  0  -1 P0100003 D.R.Osgood,J.R  1964     3 6-C-12(HE3,N)8-O-14,,SIG        1.83      1.12      54.6     0.421     T2  14.5      15.7      12.9      3.00      6.60      0.00      1.83      0.00      0.00      0.00      0.00      0.00      0.00
   6  12  0  -1 C0482002 Hsin-min Kuan,  1964    68 6-C-12(HE3,N)8-O-14,,SIG        1.83     0.793      3.22     0.282     T2  7.20      11.5      30.0      1.42      3.46      0.00      1.83      0.00      0.00      0.00      0.00      0.00      0.00
  41  93  0   0 D4014007 M.Fassbender,A  1994    26 41-NB-93(HE3,N)43-TC-95-G,,SIG  1.84      1.47      18.6     0.356     T1  4.26      2.69      19.5      10.4      35.0      0.00      1.84      0.00      0.00      0.00      0.00      0.00      0.00
  41  93  0   0 D4014007 M.Fassbender,A  1994    26 41-NB-93(HE3,N)43-TC-95-G,,SIG  1.84      1.47      18.6     0.394     T2  4.26      2.69      19.5      10.4      35.0      0.00      1.84      0.00      0.00      0.00      0.00      0.00      0.00
  24   0  0   0 D4013002 A.Fessler, Z.B  1994    19 24-CR-0(HE3,X)26-FE-52-G,,SIG   1.84     0.985      15.2     0.284     T1  2.19      2.80      18.9      16.8      35.2      0.00      1.84      0.00      0.00      0.00      0.00      0.00      0.00
  13  27  0  -1 A06060021S.N.Kondratyev  1997    33 13-AL-27(HE3,X)11-NA-22,CUM,SI  1.84     0.949      30.1     0.318     T1  39.7      31.5      9.31      8.50      90.7      0.00      1.84      0.00      0.00      0.00      0.00      0.00      0.00
  34  76  0  -1 A0154007 He Youfeng, S.  1982     8 34-SE-76(HE3,A)34-SE-75,,SIG    1.85     0.706      4.46     0.184     T1  11.3      32.3      25.9      10.2      35.1      0.00      1.85      0.00      0.00      0.00      0.00      0.00      0.00
  27  59  0  -1 A0602003 S.N.KONDRATYEV  1998     6 27-CO-59(HE3,X)28-NI-56,CUM,SI  1.85      1.42      39.8     0.234     T1 0.594     0.361      13.4      17.0      91.9      0.00      1.85      0.00      0.00      0.00      0.00      0.00      0.00
  23   0  0  -1 D4345005 B.M.Ali,M.Al-A  2016    14 23-V-0(HE3,X)24-CR-51,CUM,SIG   1.85      1.50      65.6     0.276     T1  385.      352.      14.3      9.70      26.7      0.00      1.85      0.00      0.00      0.00      0.00      0.00      0.00
   6  12  0  -1 F02050031R.L.Hahn,E.Ric  1966    14 6-C-12(HE3,N)8-O-14,,SIG        1.85      1.55      92.4     0.171     T1  16.6      10.8      10.9      2.40      9.35      0.00      1.85      0.00      0.00      0.00      0.00      0.00      0.00
   6  12  0  -1 F02050031R.L.Hahn,E.Ric  1966    14 6-C-12(HE3,N)8-O-14,,SIG        1.85      1.55      92.4     0.168     T2  16.6      10.8      10.9      2.40      9.35      0.00      1.85      0.00      0.00      0.00      0.00      0.00      0.00
  27  59  0  -1 E1370002 Y.Nagame, Y.Na  1988    31 27-CO-59(HE3,N)29-CU-61,,SIG    1.86     0.856      21.6     0.313     T1  3.30      3.19      22.4      7.54      60.2      0.00      1.86      0.00      0.00      0.00      0.00      0.00      0.00
  27  59  0  -1 E1370002 Y.Nagame, Y.Na  1988    31 27-CO-59(HE3,N)29-CU-61,,SIG    1.86     0.856      21.6     0.334     T2  3.30      3.19      22.4      7.54      60.2      0.00      1.86      0.00      0.00      0.00      0.00      0.00      0.00
  46   0  0  -1 D4315011 M.Al-Abyad,F.T  2014    15 46-PD-0(HE3,X)48-CD-107,,SIG    1.87     0.597      12.1     0.255     T1  13.7      23.2      12.6      12.1      26.5      0.00      1.87      0.00      0.00      0.00      0.00      0.00      0.00
  35   0  0   0 E1967009 Y.Homma, K.Kur  1979     8 35-BR-0(HE3,X)36-KR-79-G,CUM,S  1.87      1.09      85.6     0.300     T1  80.0      93.2      9.05      11.8      37.7      0.00      1.87      0.00      0.00      0.00      0.00      0.00      0.00
   6  12  0  -1 P0100002 D.R.Osgood,J.R  1964    82 6-C-12(HE3,N)8-O-14,,SIG        1.87     0.950      0.00     0.280     T1  16.8      18.1      0.00      1.62      11.5      0.00      1.87      0.00      0.00      0.00      0.00      0.00      0.00
   6  12  0  -1 C1132002 G.U.Din,H.M.Ku  1964    78 6-C-12(HE3,N)8-O-14,,SIG        1.87     0.787      15.2     0.194     T1  15.7      21.6      15.0      1.69      5.32      0.00      1.87      0.00      0.00      0.00      0.00      0.00      0.00
   6  12  0  -1 P0100002 D.R.Osgood,J.R  1964    82 6-C-12(HE3,N)8-O-14,,SIG        1.87     0.950      0.00     0.284     T2  16.8      18.1      0.00      1.62      11.5      0.00      1.87      0.00      0.00      0.00      0.00      0.00      0.00
   6  12  0  -1 C1132002 G.U.Din,H.M.Ku  1964    78 6-C-12(HE3,N)8-O-14,,SIG        1.87     0.787      15.2     0.190     T2  15.7      21.6      15.0      1.69      5.32      0.00      1.87      0.00      0.00      0.00      0.00      0.00      0.00
  29  65  0  -1 B0079010 E.A.Bryant, D.  1963     6 29-CU-65(HE3,X)30-ZN-65,,SIG    1.88      1.40      150.     0.291     T1  345.      335.      11.0      12.8      24.1      0.00      1.88      0.00      0.00      0.00      0.00      0.00      0.00
  29  65  0  -1 C2323002 G.B.Saha,N.T.P  1966     7 29-CU-65(HE3,A)29-CU-64,,SIG    1.89      1.05      12.6     0.253     T1  17.1      24.3      20.9      14.0      32.7      0.00      1.89      0.00      0.00      0.00      0.00      0.00      0.00
  12  26  0  -1 C0915010 D.J.Frantsvog,  1982     7 12-MG-26(HE3,P)13-AL-28,,SIG,,  1.89     0.601      36.4     0.253     T1  17.7      37.2      10.2      11.2      37.1      0.00      1.89      0.00      0.00      0.00      0.00      0.00      0.00
  12  26  0  -1 C0915010 D.J.Frantsvog,  1982     7 12-MG-26(HE3,P)13-AL-28,,SIG,,  1.89     0.601      36.4     0.258     T2  17.7      37.2      10.2      11.2      37.1      0.00      1.89      0.00      0.00      0.00      0.00      0.00      0.00
  27  59  0  -1 E1370006 Y.Nagame, Y.Na  1988    11 27-CO-59(HE3,2N+A)27-CO-56,,SI  1.91      1.01      11.1     0.151     T1  15.6      30.8      22.4      17.8      39.0      0.00      1.91      0.00      0.00      0.00      0.00      0.00      0.00
  25  55  0  -1 B0178008 M.Watanabe, H.  1979     8 25-MN-55(HE3,X)24-CR-51,CUM,SI  1.91     0.711      0.00     0.253     T1  17.2      31.1      0.00      31.9      38.9      0.00      1.91      0.00      0.00      0.00      0.00      0.00      0.00
  22   0  0  -1 D41120032F.Ditroi,F.Tar  2000    25 22-TI-0(HE3,X)24-CR-51,,SIG     1.91     0.716      18.7     0.273     T1  14.9      18.3      11.8      9.48      26.0      0.00      1.91      0.00      0.00      0.00      0.00      0.00      0.00
  28   0  0  -1 D4011005 S.Takacs,F.Tar  1995    17 28-NI-0(HE3,X)27-CO-55,CUM,SIG  1.92      1.16      28.7     0.273     T1  18.7      19.4      13.7      19.8      35.0      0.00      1.92      0.00      0.00      0.00      0.00      0.00      0.00
   6  12  0  -1 F02050033R.L.Hahn,E.Ric  1966    15 6-C-12(HE3,A)6-C-11,,SIG        1.92     0.556      28.7     0.330     T1  144.      246.      9.18      2.40      9.50      0.00      1.92      0.00      0.00      0.00      0.00      0.00      0.00
  74 182  0  -1 C2513002 K.X.Jing,L.W.P  2001    22 74-W-182(HE3,F),,SIG            1.93     0.600      121.     0.226     T2  3.52      4.00      6.88      30.4      147.      0.00      1.93      0.00      0.00      0.00      0.00      0.00      0.00
  28   0  0  -1 D4011012 S.Takacs,F.Tar  1995    28 28-NI-0(HE3,X)29-CU-61,CUM,SIG  1.93     0.601      11.3     0.242     T1  60.8      91.6      11.4      5.80      35.0      0.00      1.93      0.00      0.00      0.00      0.00      0.00      0.00
  27  59  0  -1 A0602006 S.N.KONDRATYEV  1998    12 27-CO-59(HE3,N+A)27-CO-57,,SIG  1.93      1.40      291.     0.302     T1  240.      172.      6.77      17.0      91.9      0.00      1.93      0.00      0.00      0.00      0.00      0.00      0.00
  29  63  0  -1 A0347025 H.H.Bissem,R.G  1980     5 29-CU-63(HE3,X)30-ZN-65,CUM,SI  1.94     0.518      36.3     0.313     T1  13.8      27.0      8.00      14.3      24.3      0.00      1.94      0.00      0.00      0.00      0.00      0.00      0.00
  29  63  0  -1 A0347025 H.H.Bissem,R.G  1980     5 29-CU-63(HE3,X)30-ZN-65,CUM,SI  1.94     0.518      36.3     0.321     T2  13.8      27.0      8.00      14.3      24.3      0.00      1.94      0.00      0.00      0.00      0.00      0.00      0.00
  27  59  0  -1 D41580022A.Fenyvesi,F.T  2004     4 27-CO-59(HE3,X)27-CO-56,,SIG,,  1.94      1.81      59.2     0.268     T1  12.4      7.30      12.1      18.2      24.7      0.00      1.94      0.00      0.00      0.00      0.00      0.00      0.00
   6  12  0  -1 F1130003 J.Singh         1970    22 6-C-12(HE3,X)7-N-13,PAR,SIG     1.94      1.13      414.     0.354     T1  153.      117.      3.15      7.04      30.7      0.00      1.94      0.00      0.00      0.00      0.00      0.00      0.00
  47 109  0  -1 E1370008 Y.Nagame, Y.Na  1988    11 47-AG-109(HE3,N)49-IN-111,,SIG  1.95      1.12      13.4     0.346     T1  3.65      2.42      22.4      10.9      37.1      0.00      1.95      0.00      0.00      0.00      0.00      0.00      0.00
  47 109  0  -1 E1370008 Y.Nagame, Y.Na  1988    11 47-AG-109(HE3,N)49-IN-111,,SIG  1.95      1.12      13.4     0.379     T2  3.65      2.42      22.4      10.9      37.1      0.00      1.95      0.00      0.00      0.00      0.00      0.00      0.00
  29  65  0  -1 B0154002 E.Lebowitz, M.  1970     8 29-CU-65(HE3,X)30-ZN-65,CUM,SI  1.95     0.522      252.     0.255     T1  417.      785.      5.06      25.9      42.5      0.00      1.95      0.00      0.00      0.00      0.00      0.00      0.00
  27  59  0   1 A0210020 R.Michel,M.Gal  1983     5 27-CO-59(HE3,X)21-SC-44-M,,SIG  1.95     0.608     0.787     0.157     T1 0.255     0.308      62.4      92.4      128.      0.00      1.95      0.00      0.00      0.00      0.00      0.00      0.00
  24  52  0   0 C1766004 M.W.Greene,E.L  1970     3 24-CR-52(HE3,3N)26-FE-52-G,,SI  1.96     0.614      9.90     0.261     T1  2.60      4.09      15.5      29.6      39.8      0.00      1.96      0.00      0.00      0.00      0.00      0.00      0.00
   6  12  0  -1 P0108003 S.D.CIRILOV,J.  1966    76 6-C-12(HE3,N)8-O-14,,SIG        1.96      1.48      478.     0.251     T1  15.1      11.0      2.98      1.55      5.76      0.00      1.96      0.00      0.00      0.00      0.00      0.00      0.00
   6  12  0  -1 P0108003 S.D.CIRILOV,J.  1966    76 6-C-12(HE3,N)8-O-14,,SIG        1.96      1.48      478.     0.257     T2  15.1      11.0      2.98      1.55      5.76      0.00      1.96      0.00      0.00      0.00      0.00      0.00      0.00
   4   9  0  -1 D4024003 F.Ditroi,S.Tak  1995    14 4-BE-9(HE3,X)4-BE-7,,SIG        1.96      1.14      32.4     0.296     T1  57.8      52.6      15.0      4.50      27.0      0.00      1.96      0.00      0.00      0.00      0.00      0.00      0.00
   4   9  0  -1 D4024003 F.Ditroi,S.Tak  1995    14 4-BE-9(HE3,X)4-BE-7,,SIG        1.96      1.14      32.4     0.291     T1  57.8      52.6      15.0      4.50      27.0      0.00      1.96      0.00      0.00      0.00      0.00      0.00      0.00
   6  12  0  -1 O2016004 V.Liebler, K.B  1989    57 6-C-12(HE3,X)7-N-13,,SIG        1.97     0.526      18.1     0.301     T1  49.3      89.9      7.33      5.55      14.0      0.00      1.97      0.00      0.00      0.00      0.00      0.00      0.00
   9  19  0  -1 F02050052R.L.Hahn,E.Ric  1966     6 9-F-19(HE3,N+A)9-F-17,,SIG      1.98     0.534      15.9     0.248     T1  19.5      31.9      11.6      3.70      9.35      0.00      1.98      0.00      0.00      0.00      0.00      0.00      0.00
   9  19  0  -1 F02050052R.L.Hahn,E.Ric  1966     6 9-F-19(HE3,N+A)9-F-17,,SIG      1.98     0.534      15.9     0.258     T1  19.5      31.9      11.6      3.70      9.35      0.00      1.98      0.00      0.00      0.00      0.00      0.00      0.00
  48 116  0   1 R0049005 D.M.Montgometr  1969     9 48-CD-116(HE3,2N)50-SN-117-M,,  1.99     0.532      149.     0.267     T1  8.60      16.5      3.90      13.2      33.5      0.00      1.99      0.00      0.00      0.00      0.00      0.00      0.00
  48 116  0   1 R0049005 D.M.Montgometr  1969     9 48-CD-116(HE3,2N)50-SN-117-M,,  1.99     0.532      149.     0.275     T2  8.60      16.5      3.90      13.2      33.5      0.00      1.99      0.00      0.00      0.00      0.00      0.00      0.00
  47 109  0  -1 D4327006 F.Tarkanyi, S.  2015    12 47-AG-109(HE3,N)49-IN-111,,SIG  1.99      1.54      15.1     0.317     T1  6.37      4.43      30.4      13.3      26.6      0.00      1.99      0.00      0.00      0.00      0.00      0.00      0.00
  47 109  0  -1 D4327006 F.Tarkanyi, S.  2015    12 47-AG-109(HE3,N)49-IN-111,,SIG  1.99      1.54      15.1     0.315     T2  6.37      4.43      30.4      13.3      26.6      0.00      1.99      0.00      0.00      0.00      0.00      0.00      0.00
  36   0  0  -1 D4031007 F.Tarkanyi, S.  1990    14 36-KR-0(HE3,X)37-RB-86,,SIG     2.00     0.764      68.6     0.272     T1  30.5      33.3      12.0      14.7      91.9      0.00      2.00      0.00      0.00      0.00      0.00      0.00      0.00
  29  65  0  -1 A0319034 P.Misaelides,H  1980    11 29-CU-65(HE3,2N)31-GA-66,,SIG   2.00     0.576      110.     0.431     T1  50.6      63.7      4.69      12.7      39.6      0.00      2.00      0.00      0.00      0.00      0.00      0.00      0.00
  29  65  0  -1 A0319034 P.Misaelides,H  1980    11 29-CU-65(HE3,2N)31-GA-66,,SIG   2.00     0.576      110.     0.418     T2  50.6      63.7      4.69      12.7      39.6      0.00      2.00      0.00      0.00      0.00      0.00      0.00      0.00
  41  93  0   0 A0347021 H.H.Bissem,R.G  1980    10 41-NB-93(HE3,N)43-TC-95-G,,SIG  2.01      1.93      174.     0.363     T1  5.17      2.46      8.00      8.90      23.7      0.00      2.01      0.00      0.00      0.00      0.00      0.00      0.00
  41  93  0   0 A0347021 H.H.Bissem,R.G  1980    10 41-NB-93(HE3,N)43-TC-95-G,,SIG  2.01      1.93      174.     0.349     T2  5.17      2.46      8.00      8.90      23.7      0.00      2.01      0.00      0.00      0.00      0.00      0.00      0.00
  47 107  0  -1 A0319002 P.Misaelides,H  1980    10 47-AG-107(HE3,N)49-IN-109,,SIG  2.02     0.945      44.7     0.289     T1  4.79      4.18      13.0      13.4      39.7      0.00      2.02      0.00      0.00      0.00      0.00      0.00      0.00
  47 107  0  -1 A0319002 P.Misaelides,H  1980    10 47-AG-107(HE3,N)49-IN-109,,SIG  2.02     0.945      44.7     0.302     T2  4.79      4.18      13.0      13.4      39.7      0.00      2.02      0.00      0.00      0.00      0.00      0.00      0.00
  45 103  0  -1 D4391009 B.M.Ali,M.Al-A  2018     9 45-RH-103(HE3,X)46-PD-103,CUM,  2.02     0.706      12.8     0.277     T1  403.      762.      16.5      15.8      26.3      0.00      2.02      0.00      0.00      0.00      0.00      0.00      0.00
  35  81  0   1 E1967008 Y.Homma, K.Kur  1979     8 35-BR-81(HE3,2N)37-RB-82-M,,SI  2.04      1.26      56.3     0.260     T1  33.5      33.0      13.8      11.9      37.4      0.00      2.04      0.00      0.00      0.00      0.00      0.00      0.00
  35  81  0   1 E1967008 Y.Homma, K.Kur  1979     8 35-BR-81(HE3,2N)37-RB-82-M,,SI  2.04      1.26      56.3     0.274     T2  33.5      33.0      13.8      11.9      37.4      0.00      2.04      0.00      0.00      0.00      0.00      0.00      0.00
  27  59  0  -1 A0210006 R.Michel,M.Gal  1983    20 27-CO-59(HE3,X)27-CO-57,IND,SI  2.04      1.27      527.     0.255     T1  216.      165.      6.63      14.7      128.      0.00      2.04      0.00      0.00      0.00      0.00      0.00      0.00
  22   0  0  -1 A0169009 R.Weinreich,H.  1980    46 22-TI-0(HE3,X)23-V-48,,SIG      2.05     0.856      3.45     0.322     T1  115.      125.     0.524      7.80      133.      0.00      2.05      0.00      0.00      0.00      0.00      0.00      0.00
  22   0  0  -1 D4112006 F.Ditroi,F.Tar  2000    11 22-TI-0(HE3,X)21-SC-43,,SIG     2.06      1.86      111.     0.255     T1  2.96      1.93      11.0      23.5      35.8      0.00      2.06      0.00      0.00      0.00      0.00      0.00      0.00
  90 232  0  -1 C2442010 F.D.Becchetti,  1983     6 90-TH-232(HE3,F),,SIG           2.08     0.581      5.03     0.281     T2  478.      634.      19.4      19.5      44.3      0.00      2.08      0.00      0.00      0.00      0.00      0.00      0.00
  30   0  0  -1 D4373002 M.Al-Abyad,G.Y  2017    18 30-ZN-0(HE3,X)32-GE-69,,SIG     2.08     0.629      11.6     0.268     T1  31.7      41.4      14.0      8.60      26.6      0.00      2.08      0.00      0.00      0.00      0.00      0.00      0.00
  48   0  0  -1 D4298014 B.M.Ali,M.Al-A  2014     8 48-CD-0(HE3,X)49-IN-111,CUM,SI  2.09      1.00      56.9     0.285     T1  102.      143.      13.2      13.8      26.4      0.00      2.09      0.00      0.00      0.00      0.00      0.00      0.00
  28   0  0  -1 D4011006 S.Takacs,F.Tar  1995    26 28-NI-0(HE3,X)27-CO-56,CUM,SIG  2.09     0.965      12.8     0.265     T1  68.0      57.4      14.5      2.10      35.0      0.00      2.09      0.00      0.00      0.00      0.00      0.00      0.00
  93 237  0  -1 O0349006 J.Aaltonen,E.K  1996     8 93-NP-237(HE3,X)94-PU-237,CUM,  2.10      1.79      81.7     0.306     T1  24.9      13.8      50.4      20.1      26.5      0.00      2.10      0.00      0.00      0.00      0.00      0.00      0.00
  27  59  0  -1 E1370005 Y.Nagame, Y.Na  1988    17 27-CO-59(HE3,N+A)27-CO-57,,SIG  2.11      1.57      51.7     0.160     T1  78.1      37.8      22.4      10.4      38.7      0.00      2.11      0.00      0.00      0.00      0.00      0.00      0.00
  26   0  0  -1 D4140004 F.Tarkanyi,F.D  2003    13 26-FE-0(HE3,X)27-CO-56,,SIG     2.11      2.08      214.     0.253     T1  132.      68.9      8.40      12.4      25.4      0.00      2.11      0.00      0.00      0.00      0.00      0.00      0.00
  27  59  0  -1 E1370003 Y.Nagame, Y.Na  1988    15 27-CO-59(HE3,2N)29-CU-60,,SIG   2.12     0.684      27.4     0.343     T1  32.0      44.9      22.4      10.6      38.3      0.00      2.12      0.00      0.00      0.00      0.00      0.00      0.00
  27  59  0  -1 E1370003 Y.Nagame, Y.Na  1988    15 27-CO-59(HE3,2N)29-CU-60,,SIG   2.12     0.684      27.4     0.347     T2  32.0      44.9      22.4      10.6      38.3      0.00      2.12      0.00      0.00      0.00      0.00      0.00      0.00
   8  16  0  -1 C1759002 S.S.Markowitz,  1962    19 8-O-16(HE3,X)9-F-18,CUM,SIG     2.12     0.956      73.2     0.342     T1  222.      176.      10.0      2.34      30.3      0.00      2.12      0.00      0.00      0.00      0.00      0.00      0.00
   8  16  0  -1 C1759002 S.S.Markowitz,  1962    19 8-O-16(HE3,X)9-F-18,CUM,SIG     2.12     0.956      73.2     0.302     T3  222.      176.      10.0      2.34      30.3      0.00      2.12      0.00      0.00      0.00      0.00      0.00      0.00
   5  10  0  -1 F0207010 O.D.Brill'      1965     9 5-B-10(HE3,X)6-C-11,,SIG        2.13     0.550      3.65     0.258     T1  81.9      164.      25.0      8.87      29.8      0.00      2.13      0.00      0.00      0.00      0.00      0.00      0.00
  29  65  0  -1 C2323002 G.B.Saha,N.T.P  1966     8 29-CU-65(HE3,A)29-CU-64,,SIG    2.14      1.80      39.9     0.305     T1  45.4      24.3      20.9      14.0      32.7      0.00      2.14      0.00      0.00      0.00      0.00      0.00      0.00
   4   9  0  -1 F0205002 R.L.Hahn,E.Ric  1966     7 4-BE-9(HE3,N)6-C-11,,SIG        2.14      2.07      145.     0.295     T1  177.      87.0      9.95      3.20      9.65      0.00      2.14      0.00      0.00      0.00      0.00      0.00      0.00
   4   9  0  -1 F0205002 R.L.Hahn,E.Ric  1966     7 4-BE-9(HE3,N)6-C-11,,SIG        2.14      2.07      145.     0.237     T3  177.      87.0      9.95      3.20      9.65      0.00      2.14      0.00      0.00      0.00      0.00      0.00      0.00
  36   0  0   0 A0395008 F.Tarkanyi,S.M  1988    18 36-KR-0(HE3,X)37-RB-81-G,CUM,S  2.16     0.925      24.1     0.241     T1  13.4      12.3      17.0      11.2      33.3      0.00      2.16      0.00      0.00      0.00      0.00      0.00      0.00
   5  10  0  -1 F0407003 J.R.Patterson,  1965     4 5-B-10(HE3,D)6-C-11,PAR,SIG     2.17      1.88      82.7     0.295     T1  67.8      33.2      15.2      3.70      9.80      0.00      2.17      0.00      0.00      0.00      0.00      0.00      0.00
  48 116  0   0 R00490031D.M.Montgometr  1969     9 48-CD-116(HE3,A)48-CD-115-G,,S  2.18     0.775      102.     0.217     T1  3.22      6.27      6.82      13.2      33.5      0.00      2.18      0.00      0.00      0.00      0.00      0.00      0.00
   6  12  0  -1 D06540031A.Pichard, J.M  2011    16 6-C-12(HE3,X)6-C-10,,SIG        2.18     0.668      1.41     0.244     T1  8.63      8.56      35.9      18.0      35.3      0.00      2.18      0.00      0.00      0.00      0.00      0.00      0.00
  45 103  0   0 D4391006 B.M.Ali,M.Al-A  2018    11 45-RH-103(HE3,X)45-RH-102-G,,S  2.19      1.57      89.4     0.242     T1  9.20      7.30      17.6      12.4      26.3      0.00      2.19      0.00      0.00      0.00      0.00      0.00      0.00
  24   0  0   1 D4013006 A.Fessler, Z.B  1994    24 24-CR-0(HE3,X)25-MN-52-M,,SIG   2.19      1.93      55.7     0.253     T1  106.      67.1      19.0      10.8      35.2      0.00      2.19      0.00      0.00      0.00      0.00      0.00      0.00
  47 109  0  -1 A0335009 M.Marten,A.Sch  1985    11 47-AG-109(HE3,N)49-IN-111,,SIG  2.20     0.802      63.1     0.257     T1  3.59      3.25      10.5      14.6      42.1      0.00      2.20      0.00      0.00      0.00      0.00      0.00      0.00
  47 109  0  -1 A0335009 M.Marten,A.Sch  1985    11 47-AG-109(HE3,N)49-IN-111,,SIG  2.20     0.802      63.1     0.277     T2  3.59      3.25      10.5      14.6      42.1      0.00      2.20      0.00      0.00      0.00      0.00      0.00      0.00
  47 107  0  -1 E1963005 T.Omori, M.Yag  1980     9 47-AG-107(HE3,X)47-AG-105,CUM,  2.20     0.794      59.0     0.290     T1  10.9      20.8      8.00      13.8      37.6      0.00      2.20      0.00      0.00      0.00      0.00      0.00      0.00
   3   7  0  -1 A1486007 P.D.FORSYTH,R.  1965     2 3-LI-7(HE3,A)3-LI-6,PAR,SIG,,,  2.20     0.591      10.3     0.296     T2  2.90      4.55      15.0      1.81      2.50      0.00      0.00      2.20      0.00      0.00      0.00      0.00      0.00
  30  66  0  -1 A0448018 Y.Nagame, H.Na  1989    15 30-ZN-66(HE3,X)31-GA-67,,SIG    2.21     0.533      35.7     0.277     T1  280.      457.      7.94      8.80      36.0      0.00      2.21      0.00      0.00      0.00      0.00      0.00      0.00
  26   0  0  -1 D4140008 F.Tarkanyi,F.D  2003    13 26-FE-0(HE3,X)28-NI-57,,SIG     2.21     0.455      30.1     0.241     T1  15.9      34.2      9.99      12.4      25.4      0.00      2.21      0.00      0.00      0.00      0.00      0.00      0.00
  24  52  0   0 C1766003 M.W.Greene,E.L  1970     3 24-CR-52(HE3,3N)26-FE-52-G,,SI  2.21     0.466      13.7     0.253     T1  2.08      4.41      16.3      32.7      42.0      0.00      2.21      0.00      0.00      0.00      0.00      0.00      0.00
   6  12  0  -1 O2016002 V.Liebler, K.B  1989     6 6-C-12(HE3,A)6-C-11,,SIG        2.22      1.18      0.00     0.318     T2  1.89      1.73      0.00     0.400      1.60      0.00      2.22      0.00      0.00      0.00      0.00      0.00      0.00
  30  64  0  -1 A0448010 Y.Nagame, H.Na  1989     8 30-ZN-64(HE3,P)31-GA-66,,SIG    2.23     0.450      48.0     0.251     T1  19.9      44.0      7.94      9.20      18.8      0.00      2.23      0.00      0.00      0.00      0.00      0.00      0.00
  30  64  0  -1 A0448010 Y.Nagame, H.Na  1989     8 30-ZN-64(HE3,P)31-GA-66,,SIG    2.23     0.450      48.0     0.256     T2  19.9      44.0      7.94      9.20      18.8      0.00      2.23      0.00      0.00      0.00      0.00      0.00      0.00
  23  51  0  -1 A0295004 H.Klewe-Nebeni  1983     7 23-V-51(HE3,X)23-V-49,,SIG      2.23      1.70      53.0     0.258     T1  56.8      33.4      25.0      8.59      41.3      0.00      2.23      0.00      0.00      0.00      0.00      0.00      0.00
  19  39  0   1 A0240004MD.M.Lee,S.S.Ma  1974     4 19-K-39(HE3,2A)17-CL-34-M,,SIG  2.23     0.642      12.6     0.246     T1  2.28      4.85      20.0      14.9      20.0      0.00      2.23      0.00      0.00      0.00      0.00      0.00      0.00
  19  39  0   1 A0240004MD.M.Lee,S.S.Ma  1974     4 19-K-39(HE3,2A)17-CL-34-M,,SIG  2.23     0.642      12.6     0.246     T2  2.28      4.85      20.0      14.9      20.0      0.00      2.23      0.00      0.00      0.00      0.00      0.00      0.00
  48   0  0   1 D4298002 B.M.Ali,M.Al-A  2014     7 48-CD-0(HE3,X)50-SN-117-M,,SIG  2.24     0.467      9.35     0.226     T1 0.798      1.81      20.0      16.0      26.4      0.00      2.24      0.00      0.00      0.00      0.00      0.00      0.00
  30  64  0  -1 R0041002 D.F.Crisler, H  1972     4 30-ZN-64(HE3,P)31-GA-66,,SIG    2.24     0.465      23.2     0.255     T1  7.27      15.1      11.0      21.3      42.8      0.00      2.24      0.00      0.00      0.00      0.00      0.00      0.00
  30  64  0  -1 R0041002 D.F.Crisler, H  1972     4 30-ZN-64(HE3,P)31-GA-66,,SIG    2.24     0.465      23.2     0.255     T2  7.27      15.1      11.0      21.3      42.8      0.00      2.24      0.00      0.00      0.00      0.00      0.00      0.00
  41  93  0   1 A0347022 H.H.Bissem,R.G  1980    10 41-NB-93(HE3,N)43-TC-95-M,,SIG  2.26      1.92      274.     0.330     T1  1.19     0.515      8.00      8.90      27.3      0.00      2.26      0.00      0.00      0.00      0.00      0.00      0.00
  41  93  0   1 A0347022 H.H.Bissem,R.G  1980    10 41-NB-93(HE3,N)43-TC-95-M,,SIG  2.26      1.92      274.     0.386     T2  1.19     0.515      8.00      8.90      27.3      0.00      2.26      0.00      0.00      0.00      0.00      0.00      0.00
   6  12  0  -1 P0108002 S.D.CIRILOV,J.  1966    77 6-C-12(HE3,A)6-C-11,,SIG        2.26     0.469      0.00     0.244     T2  84.9      178.      0.00      1.56      5.78      0.00      2.26      0.00      0.00      0.00      0.00      0.00      0.00
  27  59  0  -1 D06540081A.Pichard, J.M  2011     5 27-CO-59(HE3,X)27-CO-57,,SIG    2.27      1.77      64.0     0.282     T1  115.      73.4      15.6      21.3      35.8      0.00      2.27      0.00      0.00      0.00      0.00      0.00      0.00
  27  59  0  -1 A0210012 R.Michel,M.Gal  1983    20 27-CO-59(HE3,X)25-MN-54,,SIG    2.27     0.695      69.9     0.320     T1  39.2      54.3      7.33      14.7      128.      0.00      2.27      0.00      0.00      0.00      0.00      0.00      0.00
  83 209  0  -1 E1370013 Y.Nagame, Y.Na  1988     8 83-BI-209(HE3,2N)85-AT-210,,SI  2.28     0.507      5.24     0.419     T1  5.80      12.2      22.4      21.3      34.6      0.00      2.28      0.00      0.00      0.00      0.00      0.00      0.00
  83 209  0  -1 E1370013 Y.Nagame, Y.Na  1988     8 83-BI-209(HE3,2N)85-AT-210,,SI  2.28     0.507      5.24     0.421     T2  5.80      12.2      22.4      21.3      34.6      0.00      2.28      0.00      0.00      0.00      0.00      0.00      0.00
  73 181  0  -1 E1370017 Y.Nagame, Y.Na  1988    23 73-TA-181(HE3,N)75-RE-183,,SIG  2.28     0.880      16.3     0.282     T1 0.646     0.591      22.4      17.7      63.7      0.00      2.28      0.00      0.00      0.00      0.00      0.00      0.00
  73 181  0  -1 E1370017 Y.Nagame, Y.Na  1988    23 73-TA-181(HE3,N)75-RE-183,,SIG  2.28     0.880      16.3     0.291     T2 0.646     0.591      22.4      17.7      63.7      0.00      2.28      0.00      0.00      0.00      0.00      0.00      0.00
  41  93  0   1 D4014006 M.Fassbender,A  1994    11 41-NB-93(HE3,N)43-TC-95-M,,SIG  2.28      2.08      11.1     0.298     T1  1.18     0.527      59.5      11.2      35.0      0.00      2.28      0.00      0.00      0.00      0.00      0.00      0.00
  41  93  0   1 D4014006 M.Fassbender,A  1994    11 41-NB-93(HE3,N)43-TC-95-M,,SIG  2.28      2.08      11.1     0.340     T2  1.18     0.527      59.5      11.2      35.0      0.00      2.28      0.00      0.00      0.00      0.00      0.00      0.00
  30  64  0  -1 A0448009 Y.Nagame, H.Na  1989     5 30-ZN-64(HE3,N)32-GE-66,,SIG    2.29     0.461      45.9     0.247     T1  3.10      7.46      7.94      8.80      18.8      0.00      2.29      0.00      0.00      0.00      0.00      0.00      0.00
  30  64  0  -1 A0448009 Y.Nagame, H.Na  1989     5 30-ZN-64(HE3,N)32-GE-66,,SIG    2.29     0.461      45.9     0.257     T2  3.10      7.46      7.94      8.80      18.8      0.00      2.29      0.00      0.00      0.00      0.00      0.00      0.00
  26  56  0  -1 C2320006 J.-P.Hazan,M.B  1965    15 26-FE-56(HE3,P)27-CO-58,,SIG    2.29     0.621      2.68     0.237     T1  20.6      28.8      25.0      5.70      21.5      0.00      2.29      0.00      0.00      0.00      0.00      0.00      0.00
  26  56  0  -1 C2320006 J.-P.Hazan,M.B  1965    15 26-FE-56(HE3,P)27-CO-58,,SIG    2.29     0.621      2.68     0.245     T2  20.6      28.8      25.0      5.70      21.5      0.00      2.29      0.00      0.00      0.00      0.00      0.00      0.00
  13  27  0   0 O2070003 G.F.Herzog, M.  2011     8 13-AL-27(HE3,X)13-AL-26-G,,SIG  2.30     0.726      9.70     0.274     T1  27.1      32.5      13.2      5.25      35.2      0.00      2.30      0.00      0.00      0.00      0.00      0.00      0.00
  44 102  0   1 D5048008 Ye.Skakun, S.M  2007    14 44-RU-102(HE3,X)45-RH-102-M,,S  2.31      1.30      291.     0.237     T1  175.      173.      10.3      19.3      33.6      0.00      2.31      0.00      0.00      0.00      0.00      0.00      0.00
  29  65  0  -1 T0120018 N.W.GOLCHERT,J  1970    80 29-CU-65(HE3,N)31-GA-67,,SIG    2.32     0.921      8.84     0.228     T1  4.52      3.23      20.0      8.10      69.4      0.00      2.32      0.00      0.00      0.00      0.00      0.00      0.00
  29  65  0  -1 T0120018 N.W.GOLCHERT,J  1970    80 29-CU-65(HE3,N)31-GA-67,,SIG    2.32     0.921      8.84     0.239     T2  4.52      3.23      20.0      8.10      69.4      0.00      2.32      0.00      0.00      0.00      0.00      0.00      0.00
  36   0  0  -1 A0395005 F.Tarkanyi,S.M  1988    22 36-KR-0(HE3,X)37-RB-84,,SIG     2.33      2.09      111.     0.259     T1  241.      135.      15.0      10.9      33.5      0.00      2.33      0.00      0.00      0.00      0.00      0.00      0.00
  41  93  0   1 A0347015 H.H.Bissem,R.G  1980    15 41-NB-93(HE3,2N)43-TC-94-M,,SI  2.34     0.475      27.2     0.321     T1  7.37      17.0      10.0      11.2      42.8      0.00      2.34      0.00      0.00      0.00      0.00      0.00      0.00
  41  93  0   1 A0347015 H.H.Bissem,R.G  1980    15 41-NB-93(HE3,2N)43-TC-94-M,,SI  2.34     0.475      27.2     0.321     T2  7.37      17.0      10.0      11.2      42.8      0.00      2.34      0.00      0.00      0.00      0.00      0.00      0.00
  29   0  0  -1 D4080007 F.Tarkanyi,F.S  1991     9 29-CU-0(HE3,X)31-GA-66,,SIG     2.34     0.481      31.7     0.349     T1  28.4      49.8      9.22      9.80      27.4      0.00      2.34      0.00      0.00      0.00      0.00      0.00      0.00
  23   0  0  -1 D4345004 B.M.Ali,M.Al-A  2016     4 23-V-0(HE3,X)25-MN-51,,SIG      2.37     0.536      2.11     0.235     T1  22.0      54.8      50.7      23.9      26.7      0.00      2.37      0.00      0.00      0.00      0.00      0.00      0.00
  13  27  0  -1 A0158004 R.Michel, G.Br  1982    17 13-AL-27(HE3,X)11-NA-24,CUM,SI  2.37     0.432      58.0     0.351     T1  10.6      22.3      8.51      20.1      126.      0.00      2.37      0.00      0.00      0.00      0.00      0.00      0.00
  10   0  0  -1 D4134005 A.Fenyvesi, S.  1997    22 10-NE-0(HE3,X)11-NA-24,,SIG     2.38     0.782      11.6     0.215     T1  1.44      1.74      25.7      1.50      33.3      0.00      2.38      0.00      0.00      0.00      0.00      0.00      0.00
   4   9  0  -1 A0330006 B.Anders,P.Her  1981    20 4-BE-9(HE3,N)6-C-11,,SIG        2.38     0.908      110.     0.247     T1  63.3      34.2      9.02      5.70      40.7      0.00      2.38      0.00      0.00      0.00      0.00      0.00      0.00
   4   9  0  -1 A0330006 B.Anders,P.Her  1981    20 4-BE-9(HE3,N)6-C-11,,SIG        2.38     0.908      110.     0.241     T2  63.3      34.2      9.02      5.70      40.7      0.00      2.38      0.00      0.00      0.00      0.00      0.00      0.00
  26  56  0  -1 C2320002 J.-P.Hazan,M.B  1965    15 26-FE-56(HE3,X)27-CO-56,,SIG    2.39      2.11      52.6     0.315     T1  251.      146.      25.0      18.0      29.3      0.00      2.39      0.00      0.00      0.00      0.00      0.00      0.00
  29  65  0  -1 T0120019 N.W.GOLCHERT,J  1970    52 29-CU-65(HE3,2N)31-GA-66,,SIG   2.40     0.519      28.7     0.322     T1  47.8      63.9      10.0      8.10      33.8      0.00      2.40      0.00      0.00      0.00      0.00      0.00      0.00
  29  65  0  -1 T0120019 N.W.GOLCHERT,J  1970    52 29-CU-65(HE3,2N)31-GA-66,,SIG   2.40     0.519      28.7     0.314     T2  47.8      63.9      10.0      8.10      33.8      0.00      2.40      0.00      0.00      0.00      0.00      0.00      0.00
  46   0  0   1 D4315012 M.Al-Abyad,F.T  2014    16 46-PD-0(HE3,X)48-CD-111-M,,SIG  2.41     0.435      17.8     0.237     T1  1.12      2.63      22.7      10.8      26.5      0.00      2.41      0.00      0.00      0.00      0.00      0.00      0.00
  30  64  0  -1 R0041005 D.F.Crisler, H  1972     2 30-ZN-64(HE3,2P)30-ZN-65,,SIG   2.42     0.436      6.55     0.186     T2  136.      198.      18.3      21.3      42.8      0.00      2.42      0.00      0.00      0.00      0.00      0.00      0.00
  23   0  0   1 D4345003 B.M.Ali,M.Al-A  2016     6 23-V-0(HE3,X)25-MN-52-M,,SIG    2.42     0.415      26.9     0.249     T1  9.93      24.2      11.7      21.6      26.7      0.00      2.42      0.00      0.00      0.00      0.00      0.00      0.00
   8  16  0  -1 F0207008 O.D.Brill'      1965    11 8-O-16(HE3,X)9-F-18,CUM,SIG     2.43     0.541      4.71     0.303     T1  74.1      79.3      25.0      10.9      29.0      0.00      2.43      0.00      0.00      0.00      0.00      0.00      0.00
   8  16  0  -1 F0207008 O.D.Brill'      1965    11 8-O-16(HE3,X)9-F-18,CUM,SIG     2.43     0.541      4.71     0.299     T2  74.1      79.3      25.0      10.9      29.0      0.00      2.43      0.00      0.00      0.00      0.00      0.00      0.00
  73 181  0   0 D4421003 B.M.Ali,G.Y.Mo  2020    10 73-TA-181(HE3,2N)75-RE-182-G,,  2.45     0.419      35.7     0.248     T1  3.62      8.18      10.8      16.9      26.4      0.00      2.45      0.00      0.00      0.00      0.00      0.00      0.00
  73 181  0   0 D4421003 B.M.Ali,G.Y.Mo  2020    10 73-TA-181(HE3,2N)75-RE-182-G,,  2.45     0.419      35.7     0.269     T2  3.62      8.18      10.8      16.9      26.4      0.00      2.45      0.00      0.00      0.00      0.00      0.00      0.00
  50   0  0   1 D4338018 B.M.Ali,M.Al-A  2015    10 50-SN-0(HE3,X)50-SN-117-M,,SIG  2.45      1.15      156.     0.248     T1  2.05      2.80      13.9      13.2      24.4      0.00      2.45      0.00      0.00      0.00      0.00      0.00      0.00
  48 116  0   1 R00490032D.M.Montgometr  1969    11 48-CD-116(HE3,A)48-CD-115-M,,S  2.45      1.64      928.     0.298     T1  4.74      3.61      6.69      13.2      33.5      0.00      2.45      0.00      0.00      0.00      0.00      0.00      0.00
  48 116  0   0 R00490031D.M.Montgometr  1969    11 48-CD-116(HE3,A)48-CD-115-G,,S  2.45     0.645      103.     0.266     T1  3.29      6.27      6.82      13.2      33.5      0.00      2.45      0.00      0.00      0.00      0.00      0.00      0.00
  29  63  0  -1 B0079009 E.A.Bryant, D.  1963    12 29-CU-63(HE3,P)30-ZN-65,,SIG    2.45     0.453      23.4     0.249     T1  13.3      26.7      11.0      7.00      24.6      0.00      2.45      0.00      0.00      0.00      0.00      0.00      0.00
  29  63  0  -1 B0079009 E.A.Bryant, D.  1963    12 29-CU-63(HE3,P)30-ZN-65,,SIG    2.45     0.453      23.4     0.258     T2  13.3      26.7      11.0      7.00      24.6      0.00      2.45      0.00      0.00      0.00      0.00      0.00      0.00
  27  59  0  -1 D0654005 A.Pichard, J.M  2011     1 27-CO-59(HE3,2N)29-CU-60,,SIG   2.46     0.407      17.2     0.240     T1  31.4      77.0      14.3      21.3      21.3      0.00      2.46      0.00      0.00      0.00      0.00      0.00      0.00
  27  59  0  -1 D0654005 A.Pichard, J.M  2011     1 27-CO-59(HE3,2N)29-CU-60,,SIG   2.46     0.407      17.2     0.250     T2  31.4      77.0      14.3      21.3      21.3      0.00      2.46      0.00      0.00      0.00      0.00      0.00      0.00
  78   0  0  -1 D4281014 M.Al-Abyad,F.T  2013    12 78-PT-0(HE3,X)79-AU-194,,SIG    2.47      1.91      229.     0.281     T1  49.7      15.8      11.7      15.6      26.2      0.00      2.47      0.00      0.00      0.00      0.00      0.00      0.00
  73 181  0  -1 R0053019 N.E.Scott, J.W  1968     9 73-TA-181(HE3,N)75-RE-183,,SIG  2.47      2.27      0.00     0.348     T1 0.825     0.431      0.00      17.1      31.0      0.00      2.47      0.00      0.00      0.00      0.00      0.00      0.00
  73 181  0  -1 R0053019 N.E.Scott, J.W  1968     9 73-TA-181(HE3,N)75-RE-183,,SIG  2.47      2.27      0.00     0.392     T2 0.825     0.431      0.00      17.1      31.0      0.00      2.47      0.00      0.00      0.00      0.00      0.00      0.00
  48   0  0   1 D4298015 B.M.Ali,M.Al-A  2014     6 48-CD-0(HE3,X)49-IN-110-M,CUM,  2.47      1.86      591.     0.269     T1  42.7      33.3      11.0      18.1      26.4      0.00      2.47      0.00      0.00      0.00      0.00      0.00      0.00
  44 101  0   0 D5048003 Ye.Skakun, S.M  2007    16 44-RU-101(HE3,X)45-RH-101-G,CU  2.48      1.40      190.     0.225     T1  121.      131.      15.7      12.0      33.7      0.00      2.48      0.00      0.00      0.00      0.00      0.00      0.00
  30  64  0  -1 A0448012 Y.Nagame, H.Na  1989     7 30-ZN-64(HE3,2P)30-ZN-65,,SIG   2.49     0.434      49.3     0.151     T3  181.      366.      7.94      12.2      37.1      0.00      2.49      0.00      0.00      0.00      0.00      0.00      0.00
   3   6  0  -1 A1414004 C.R.McClenahan  1975    41 3-LI-6(HE3,N)5-B-8,,SIG         2.49      2.23      171.     0.374     T1  8.03      3.91      15.4      2.99      3.81      0.00      2.49      0.00      0.00      0.00      0.00      0.00      0.00
   3   6  0  -1 A1414004 C.R.McClenahan  1975    41 3-LI-6(HE3,N)5-B-8,,SIG         2.49      2.23      171.     0.378     T2  8.03      3.91      15.4      2.99      3.81      0.00      2.49      0.00      0.00      0.00      0.00      0.00      0.00
  36   0  0  -1 A0395006 F.Tarkanyi,S.M  1988    15 36-KR-0(HE3,X)37-RB-83,,SIG     2.50      2.20      125.     0.261     T1  222.      78.2      15.3      11.0      33.6      0.00      2.50      0.00      0.00      0.00      0.00      0.00      0.00
  27  59  0  -1 D41580041A.Fenyvesi,F.T  2004     5 27-CO-59(HE3,X)27-CO-60,,SIG,,  2.50     0.420      17.9     0.299     T1  30.5      66.8      13.4      12.1      22.7      0.00      2.50      0.00      0.00      0.00      0.00      0.00      0.00
  27  59  0  -1 D41580041A.Fenyvesi,F.T  2004     5 27-CO-59(HE3,X)27-CO-60,,SIG,,  2.50     0.420      17.9     0.299     T2  30.5      66.8      13.4      12.1      22.7      0.00      2.50      0.00      0.00      0.00      0.00      0.00      0.00
  25  55  0  -1 B0178002 M.Watanabe, H.  1979    23 25-MN-55(HE3,3N)27-CO-55,,SIG   2.51     0.908      0.00     0.276     T1  12.8      14.3      0.00      15.7      38.9      0.00      2.51      0.00      0.00      0.00      0.00      0.00      0.00
  25  55  0  -1 B0178002 M.Watanabe, H.  1979    23 25-MN-55(HE3,3N)27-CO-55,,SIG   2.51     0.908      0.00     0.268     T2  12.8      14.3      0.00      15.7      38.9      0.00      2.51      0.00      0.00      0.00      0.00      0.00      0.00
  41  93  0   0 O1123003 C.Necheva, D.K  1998    11 41-NB-93(HE3,N)43-TC-95-G,,SIG  2.55      2.23      231.     0.189     T1  5.44      2.09      11.3      7.90      19.5      0.00      2.55      0.00      0.00      0.00      0.00      0.00      0.00
  41  93  0   0 O1123003 C.Necheva, D.K  1998    11 41-NB-93(HE3,N)43-TC-95-G,,SIG  2.55      2.23      231.     0.221     T2  5.44      2.09      11.3      7.90      19.5      0.00      2.55      0.00      0.00      0.00      0.00      0.00      0.00
  28   0  0  -1 D4011004 S.Takacs,F.Tar  1995    10 28-NI-0(HE3,X)26-FE-53,CUM,SIG  2.55     0.513      8.88     0.280     T1  1.43      2.41      18.2      23.8      35.0      0.00      2.55      0.00      0.00      0.00      0.00      0.00      0.00
   6  12  0  -1 T0214002 D.R.F.Cochran,  1962    42 6-C-12(HE3,X)7-N-13,,SIG        2.55     0.786      8.04     0.268     T1  99.4      94.2     0.872      4.97      23.9      0.00      2.55      0.00      0.00      0.00      0.00      0.00      0.00
  29  63  0  -1 T0120008 N.W.GOLCHERT,J  1970     8 29-CU-63(HE3,X)29-CU-62,CUM,SI  2.56      1.67      143.     0.274     T1  132.      42.3      16.0      8.10      32.1      0.00      2.56      0.00      0.00      0.00      0.00      0.00      0.00
   6  12  0  -1 D06540031A.Pichard, J.M  2011    11 6-C-12(HE3,X)6-C-10,,SIG        2.56     0.543      1.92     0.141     T1  6.11      8.56      35.9      18.0      35.3      0.00      2.56      0.00      0.00      0.00      0.00      0.00      0.00
  44 102  0   0 D5048009 Ye.Skakun, S.M  2007    15 44-RU-102(HE3,X)45-RH-102-G,,S  2.57      2.03      449.     0.239     T1  275.      160.      11.3      17.5      33.6      0.00      2.57      0.00      0.00      0.00      0.00      0.00      0.00
  29  63  0  -1 B0079002 E.A.Bryant, D.  1963    21 29-CU-63(HE3,X)29-CU-61,,SIG    2.57     0.477      10.2     0.233     T1  26.2      46.1      16.0      6.70      24.1      0.00      2.57      0.00      0.00      0.00      0.00      0.00      0.00
  47 107  0  -1 A0319010 P.Misaelides,H  1980    22 47-AG-107(HE3,X)48-CD-107,,SIG  2.58      1.98      187.     0.247     T1  429.      262.      20.7      12.3      39.7      0.00      2.58      0.00      0.00      0.00      0.00      0.00      0.00
  46   0  0  -1 D4315002 M.Al-Abyad,F.T  2014    14 46-PD-0(HE3,X)47-AG-103,CUM,SI  2.58      1.49      151.     0.275     T1  9.51      4.19      17.6      13.6      26.5      0.00      2.58      0.00      0.00      0.00      0.00      0.00      0.00
  14   0  0  -1 A0618006 O.N.Vysotskiy,  1993     7 14-SI-0(HE3,X)11-NA-22,,SIG     2.58     0.591      1.26     0.285     T1  29.6      42.4      42.4      35.9      90.5      0.00      2.58      0.00      0.00      0.00      0.00      0.00      0.00
  78   0  0   1 D4281009 M.Al-Abyad,F.T  2013    10 78-PT-0(HE3,X)80-HG-199-M,,SIG  2.60     0.418      9.18     0.187     T1 7.470E-02 0.218      35.4      17.7      26.2      0.00      2.60      0.00      0.00      0.00      0.00      0.00      0.00
  46   0  0   1 D4315006 M.Al-Abyad,F.T  2014    15 46-PD-0(HE3,X)47-AG-110-M,,SIG  2.60      2.29      66.9     0.254     T1  17.6      8.24      24.9      12.1      26.5      0.00      2.60      0.00      0.00      0.00      0.00      0.00      0.00
  27  59  0  -1 A0210005 R.Michel,M.Gal  1983    20 27-CO-59(HE3,X)27-CO-58,,SIG    2.61     0.647      245.     0.275     T1  169.      238.      7.07      14.7      128.      0.00      2.61      0.00      0.00      0.00      0.00      0.00      0.00
  30   0  0  -1 D4373007 M.Al-Abyad,G.Y  2017    17 30-ZN-0(HE3,X)30-ZN-62,,SIG     2.63     0.420      22.2     0.260     T1  6.22      15.8      13.8      10.1      26.6      0.00      2.63      0.00      0.00      0.00      0.00      0.00      0.00
  27  59  0  -1 D41580032A.Fenyvesi,F.T  2004     7 27-CO-59(HE3,X)27-CO-58,,SIG,,  2.63      1.84      353.     0.296     T1  40.3      15.0      11.4      7.20      24.7      0.00      2.63      0.00      0.00      0.00      0.00      0.00      0.00
  68   0  0  -1 D4222005 Y.Homma, Y.Sug  1980     6 68-ER-0(HE3,X)69-TM-168,,SIG    2.64      1.97      0.00     0.258     T1  117.      76.4      0.00      20.3      39.6      0.00      2.64      0.00      0.00      0.00      0.00      0.00      0.00
  30  64  0  -1 R0041006 D.F.Crisler, H  1972     2 30-ZN-64(HE3,X)31-GA-65,CUM,SI  2.64     0.405      9.46     0.124     T1  127.      162.      16.8      21.3      42.8      0.00      2.64      0.00      0.00      0.00      0.00      0.00      0.00
  28   0  0  -1 D4011013 S.Takacs,F.Tar  1995    15 28-NI-0(HE3,X)30-ZN-62,,SIG     2.64     0.497      20.3     0.241     T1  1.13      2.37      22.0      8.60      35.0      0.00      2.64      0.00      0.00      0.00      0.00      0.00      0.00
   6  12  0  -1 F0207009 O.D.Brill'      1965     9 6-C-12(HE3,X)7-N-13,,SIG        2.65      1.73      51.0     0.290     T1  161.      90.1      25.0      9.76      30.8      0.00      2.65      0.00      0.00      0.00      0.00      0.00      0.00
   6  12  0  -1 F02050032R.L.Hahn,E.Ric  1966     9 6-C-12(HE3,X)7-N-13,,SIG        2.65     0.388      28.5     0.279     T1  24.9      61.6      12.1      6.05      9.50      0.00      2.65      0.00      0.00      0.00      0.00      0.00      0.00
  48 116  0   1 R00490032D.M.Montgometr  1969     9 48-CD-116(HE3,A)48-CD-115-M,,S  2.66      1.94     1.130E+03 0.252     T1  4.57      3.61      6.69      13.2      33.5      0.00      2.66      0.00      0.00      0.00      0.00      0.00      0.00
  41  93  0   1 D41290021B.Strohmaier,M  1997    36 41-NB-93(HE3,X)42-MO-93-M,,SIG  2.66      1.08      77.1     0.312     T1  47.8      74.2      16.3      16.4      35.0      0.00      2.66      0.00      0.00      0.00      0.00      0.00      0.00
  29  63  0  -1 T0120010 N.W.GOLCHERT,J  1970     4 29-CU-63(HE3,N+A)29-CU-61,,SIG  2.66     0.517      9.79     0.374     T1  18.7      32.0      20.0      26.4      33.8      0.00      2.66      0.00      0.00      0.00      0.00      0.00      0.00
  36   0  0   1 A0395011 F.Tarkanyi,S.M  1988    10 36-KR-0(HE3,X)38-SR-85-M,,SIG   2.67     0.418      14.0     0.282     T1  9.54      16.9      15.6      11.0      33.2      0.00      2.67      0.00      0.00      0.00      0.00      0.00      0.00
  48   0  0   1 D4298007 B.M.Ali,M.Al-A  2014     7 48-CD-0(HE3,X)48-CD-111-M,CUM,  2.68     0.672      42.8     0.278     T1  2.27      4.67      15.6      16.0      26.4      0.00      2.68      0.00      0.00      0.00      0.00      0.00      0.00
  22   0  0  -1 D0965003 O.Lebeda, J.Ra  2020    25 22-TI-0(HE3,X)24-CR-48,,SIG     2.69     0.455      26.7     0.256     T1  3.48      6.71      10.7      13.8      46.9      0.00      2.69      0.00      0.00      0.00      0.00      0.00      0.00
  27  59  0  -1 E1929003 F.Szelecsenyi,  2004    34 27-CO-59(HE3,N)29-CU-61,,SIG    2.70     0.520      17.8     0.233     T1  3.52      4.64      11.4      7.33      67.5      0.00      2.70      0.00      0.00      0.00      0.00      0.00      0.00
  27  59  0  -1 E1929003 F.Szelecsenyi,  2004    34 27-CO-59(HE3,N)29-CU-61,,SIG    2.70     0.520      17.8     0.234     T2  3.52      4.64      11.4      7.33      67.5      0.00      2.70      0.00      0.00      0.00      0.00      0.00      0.00
  13  27  0  -1 A06060022S.N.Kondratyev  1997    27 13-AL-27(HE3,X)11-NA-24,CUM,SI  2.70     0.380      54.4     0.183     T1  11.0      24.3      9.99      18.2      90.7      0.00      2.70      0.00      0.00      0.00      0.00      0.00      0.00
  13  27  0  -1 B0005003 C.E.MOSS, C.S.  1974     8 13-AL-27(HE3,2N)15-P-28,,SIG,,  2.71      2.40     1.004E+03 0.176     T2  1.37     0.478      13.0      13.5      40.5      0.00      2.71      0.00      0.00      0.00      0.00      0.00      0.00
  13  27  0  -1 B0005003 C.E.MOSS, C.S.  1974     8 13-AL-27(HE3,2N)15-P-28,,SIG,,  2.71      2.40     1.004E+03 0.235     T2  1.37     0.478      13.0      13.5      40.5      0.00      2.71      0.00      0.00      0.00      0.00      0.00      0.00
  27  59  0  -1 A0602010 S.N.KONDRATYEV  1998    12 27-CO-59(HE3,X)25-MN-54,,SIG    2.72     0.491      48.7     0.242     T2  27.7      58.0      7.70      17.0      91.9      0.00      2.72      0.00      0.00      0.00      0.00      0.00      0.00
   3   6  0  -1 B0159002 L.RUBY, J.W.ST  1978     3 3-LI-6(HE3,D)4-BE-7,,SIG,,,EXP  2.72     0.497      84.8     0.240     T1  220.      347.      5.77      2.00      6.00      0.00      4.10      1.06      0.00      0.00      0.00      0.00      0.00
  45 103  0   1 D4391005 B.M.Ali,M.Al-A  2018     7 45-RH-103(HE3,X)45-RH-102-M,,S  2.74      1.83      336.     0.295     T2  4.72      3.29      13.8      18.3      26.3      0.00      2.74      0.00      0.00      0.00      0.00      0.00      0.00
  29  65  0  -1 T0120022 N.W.GOLCHERT,J  1970     8 29-CU-65(HE3,X)29-CU-64,,SIG    2.74     0.526      25.9     0.255     T2  55.4      85.3      11.0      19.4      32.3      0.00      2.74      0.00      0.00      0.00      0.00      0.00      0.00
  92 236  0   1 O1309002 J.Aaltonen, P.  2001    12 92-U-236(HE3,X)93-NP-236-M,,SI  2.75     0.392      109.     0.223     T2  12.3      28.5      7.13      21.1      59.4      0.00      2.75      0.00      0.00      0.00      0.00      0.00      0.00
  47 109  0  -1 A0319020 P.Misaelides,H  1980    11 47-AG-109(HE3,N)49-IN-111,,SIG  2.75      1.96      596.     0.242     T2  4.06      1.64      12.0      10.0      39.6      0.00      2.75      0.00      0.00      0.00      0.00      0.00      0.00
  47 109  0  -1 A0319020 P.Misaelides,H  1980    11 47-AG-109(HE3,N)49-IN-111,,SIG  2.75      1.96      596.     0.258     T2  4.06      1.64      12.0      10.0      39.6      0.00      2.75      0.00      0.00      0.00      0.00      0.00      0.00
  30  64  0  -1 A0448014 Y.Nagame, H.Na  1989    22 30-ZN-64(HE3,X)30-ZN-62,CUM,SI  2.75     0.534      100.     0.265     T2  12.7      20.7      7.94      9.20      39.0      0.00      2.75      0.00      0.00      0.00      0.00      0.00      0.00
  48   0  0   0 D4298018 B.M.Ali,M.Al-A  2014     7 48-CD-0(HE3,X)49-IN-108-G,,SIG  2.76      2.55      71.0     0.254     T2  1.65     0.757      22.2      16.0      26.4      0.00      2.76      0.00      0.00      0.00      0.00      0.00      0.00
  41  93  0  -1 A0347003 H.H.Bissem,R.G  1980    12 41-NB-93(HE3,N)43-TC-95,,SIG    2.76      1.44     2.564E+03 0.264     T2  4.11      2.30      10.0      12.8      42.8      0.00      2.76      0.00      0.00      0.00      0.00      0.00      0.00
  41  93  0  -1 A0347003 H.H.Bissem,R.G  1980    12 41-NB-93(HE3,N)43-TC-95,,SIG    2.76      1.44     2.564E+03 0.271     T2  4.11      2.30      10.0      12.8      42.8      0.00      2.76      0.00      0.00      0.00      0.00      0.00      0.00
  34  76  0  -1 A01540036He Youfeng, S.  1982    13 34-SE-76(HE3,X)35-BR-76,,SIG    2.76      1.32      922.     0.232     T3  468.      518.      10.0      21.5      35.1      0.00      2.76      0.00      0.00      0.00      0.00      0.00      0.00
  30  68  0  -1 A0448020 Y.Nagame, H.Na  1989    21 30-ZN-68(HE3,2N)32-GE-69,,SIG   2.78     0.424      57.7     0.248     T3  83.0      116.      7.94      9.20      39.0      0.00      2.78      0.00      0.00      0.00      0.00      0.00      0.00
  30  68  0  -1 A0448020 Y.Nagame, H.Na  1989    21 30-ZN-68(HE3,2N)32-GE-69,,SIG   2.78     0.424      57.7     0.235     T3  83.0      116.      7.94      9.20      39.0      0.00      2.78      0.00      0.00      0.00      0.00      0.00      0.00
  41  93  0   1 O1123004 C.Necheva, D.K  1998    10 41-NB-93(HE3,N)43-TC-95-M,,SIG  2.79      2.73      157.     0.273     T2  1.42     0.498      16.1      9.50      19.5      0.00      2.79      0.00      0.00      0.00      0.00      0.00      0.00
  41  93  0   1 O1123004 C.Necheva, D.K  1998    10 41-NB-93(HE3,N)43-TC-95-M,,SIG  2.79      2.73      157.     0.314     T2  1.42     0.498      16.1      9.50      19.5      0.00      2.79      0.00      0.00      0.00      0.00      0.00      0.00
  38  88  0   1 C1756002 C.Riley,K.Ueno  1966     6 38-SR-88(HE3,P)39-Y-90-M,,SIG   2.79      2.75      155.     0.274     T2  5.70      2.10      15.0      14.0      19.0      0.00      2.79      0.00      0.00      0.00      0.00      0.00      0.00
  26  56  0  -1 C2320004 J.-P.Hazan,M.B  1965    25 26-FE-56(HE3,X)27-CO-57,,SIG    2.79     0.462      6.77     0.210     T2  282.      477.      20.0      5.70      29.3      0.00      2.79      0.00      0.00      0.00      0.00      0.00      0.00
  44 101  0   1 D5048002 Ye.Skakun, S.M  2007    18 44-RU-101(HE3,X)45-RH-101-M,CU  2.81     0.710      749.     0.279     T3  321.      689.      10.0      12.0      33.7      0.00      2.81      0.00      0.00      0.00      0.00      0.00      0.00
  41  93  0   1 O1039002 B.Strohmaier,   1997    36 41-NB-93(HE3,X)42-MO-93-M,IND,  2.81      1.13      113.     0.295     T2  49.1      74.2      16.3      16.7      35.0      0.00      2.81      0.00      0.00      0.00      0.00      0.00      0.00
  41  93  0   1 D4014004 M.Fassbender,A  1994    36 41-NB-93(HE3,2N)43-TC-94-M,,SI  2.82     0.375      17.9     0.233     T2  10.3      31.5      21.2      8.60      35.0      0.00      2.82      0.00      0.00      0.00      0.00      0.00      0.00
  41  93  0   1 D4014004 M.Fassbender,A  1994    36 41-NB-93(HE3,2N)43-TC-94-M,,SI  2.82     0.375      17.9     0.242     T2  10.3      31.5      21.2      8.60      35.0      0.00      2.82      0.00      0.00      0.00      0.00      0.00      0.00
  27  59  0  -1 E2073004 Y.Homma, Y.Mur  1976    18 27-CO-59(HE3,N)29-CU-61,,SIG    2.82     0.776      555.     0.160     T2  2.86      3.61      4.36      18.9      40.5      0.00      2.82      0.00      0.00      0.00      0.00      0.00      0.00
  27  59  0  -1 E2073004 Y.Homma, Y.Mur  1976    18 27-CO-59(HE3,N)29-CU-61,,SIG    2.82     0.776      555.     0.166     T2  2.86      3.61      4.36      18.9      40.5      0.00      2.82      0.00      0.00      0.00      0.00      0.00      0.00
  92 238  0  -1 C2326007 R.H.Iyer,J.W.C  1968     3 92-U-238(HE3,F),,SIG,,AV        2.83      2.61      0.00     0.222     T2 1.004E+03  440.      0.00      32.6      39.4      0.00      2.83      0.00      0.00      0.00      0.00      0.00      0.00
  20   0  0  -1 O2070005 G.F.Herzog, M.  2011     8 20-CA-0(HE3,X)20-CA-41,,SIG     2.84     0.540      14.7     0.222     T2  331.      485.      16.4      5.25      35.2      0.00      2.84      0.00      0.00      0.00      0.00      0.00      0.00
  30  64  0  -1 A0448014 Y.Nagame, H.Na  1989    14 30-ZN-64(HE3,X)30-ZN-62,CUM,SI  2.85     0.422      49.4     0.137     T1  11.2      20.7      7.94      9.20      39.0      0.00      2.85      0.00      0.00      0.00      0.00      0.00      0.00
  29  65  0  -1 B0079015 E.A.Bryant, D.  1963    10 29-CU-65(HE3,X)28-NI-63,CUM,SI  2.85     0.379      3.31     0.224     T2  2.54      8.22      36.0      11.7      24.1      0.00      2.85      0.00      0.00      0.00      0.00      0.00      0.00
  48   0  0  -1 D4298017 B.M.Ali,M.Al-A  2014     8 48-CD-0(HE3,X)49-IN-109,CUM,SI  2.86      1.33      218.     0.236     T2  11.7      6.20      15.9      13.8      26.4      0.00      2.86      0.00      0.00      0.00      0.00      0.00      0.00
  48   0  0  -1 D4298019 B.M.Ali,M.Al-A  2014     8 48-CD-0(HE3,X)49-IN-107,,SIG    2.86     0.678      38.6     0.218     T2  3.24      7.44      17.6      13.8      26.4      0.00      2.86      0.00      0.00      0.00      0.00      0.00      0.00
  37   0  0  -1 A0284003 Y.Homma,M.Ishi  1980     8 37-RB-0(HE3,X)39-Y-88,,SIG      2.87     0.378     5.246E-03 0.272     T2  10.4      27.5      3.27      11.9      37.3      0.00      2.87      0.00      0.00      0.00      0.00      0.00      0.00
   5  10  0  -1 P0084002 D.R.OSGOOD,J.R  1964    22 5-B-10(HE3,T)6-C-10,,SIG        2.87      2.17      7.54     0.320     T2 0.689     0.262     0.909      5.00      10.5      0.00      2.87      0.00      0.00      0.00      0.00      0.00      0.00
  30  66  0  -1 A0448018 Y.Nagame, H.Na  1989    12 30-ZN-66(HE3,X)31-GA-67,,SIG    2.88     0.439      45.4     0.157     T1  266.      457.      7.94      8.80      36.0      0.00      2.88      0.00      0.00      0.00      0.00      0.00      0.00
  41  93  0   1 A0583012 S.N.Kondratyev  1996    27 41-NB-93(HE3,X)41-NB-92-M,,SIG  2.90     0.690      91.5     0.265     T2  19.0      33.6      12.0      12.8      93.0      0.00      2.90      0.00      0.00      0.00      0.00      0.00      0.00
  37   0  0   1 A0284004 Y.Homma,M.Ishi  1980     8 37-RB-0(HE3,X)39-Y-87-M,,SIG    2.90      1.20      73.4     0.271     T2  15.1      17.1      9.86      11.9      37.3      0.00      2.90      0.00      0.00      0.00      0.00      0.00      0.00
  47 107  0   1 A0319006 P.Misaelides,H  1980     6 47-AG-107(HE3,A)47-AG-106-M,,S  2.92      2.49      316.     0.230     T2  4.05      4.66      12.5      13.1      39.7      0.00      2.92      0.00      0.00      0.00      0.00      0.00      0.00
  29  65  0  -1 T0120021 N.W.GOLCHERT,J  1970    60 29-CU-65(HE3,T)30-ZN-65,CUM,SI  2.92     0.361      41.4     0.107     T3  197.      589.      10.0      11.8      69.4      0.00      2.92      0.00      0.00      0.00      0.00      0.00      0.00
  27  59  0  -1 A0210004 R.Michel,M.Gal  1983     2 27-CO-59(HE3,2P)27-CO-60,,SIG   2.92     0.357      81.0     3.266E-02 T2  23.2      31.4      7.32      14.7      128.      0.00      2.92      0.00      0.00      0.00      0.00      0.00      0.00
  82 208  0  -1 R0053026 N.E.Scott, J.W  1968     7 82-PB-208(HE3,N)84-PO-210,,SIG  2.93     0.376      0.00     0.240     T2 0.330     0.876      0.00      18.5      31.4      0.00      2.93      0.00      0.00      0.00      0.00      0.00      0.00
  82 208  0  -1 R0053026 N.E.Scott, J.W  1968     7 82-PB-208(HE3,N)84-PO-210,,SIG  2.93     0.376      0.00     0.407     T2 0.330     0.876      0.00      18.5      31.4      0.00      2.93      0.00      0.00      0.00      0.00      0.00      0.00
  41  93  0   1 A0583005 S.N.Kondratyev  1996    11 41-NB-93(HE3,2N)43-TC-94-M,,SI  2.93     0.385      4.96     0.235     T2  4.68      11.2      33.3      14.7      73.9      0.00      2.93      0.00      0.00      0.00      0.00      0.00      0.00
  41  93  0   1 A0583005 S.N.Kondratyev  1996    11 41-NB-93(HE3,2N)43-TC-94-M,,SI  2.93     0.385      4.96     0.245     T2  4.68      11.2      33.3      14.7      73.9      0.00      2.93      0.00      0.00      0.00      0.00      0.00      0.00
  50   0  0  -1 D4338015 B.M.Ali,M.Al-A  2015    21 50-SN-0(HE3,X)51-SB-122,,SIG    2.94      2.86      95.4     0.291     T2  17.0      6.50      21.9      12.2      24.8      0.00      2.94      0.00      0.00      0.00      0.00      0.00      0.00
  22   0  0   1 A0169011 R.Weinreich,H.  1980    36 22-TI-0(HE3,X)21-SC-44-M,,SIG   2.96     0.594      2.46     0.324     T2  27.2      33.7     0.511      4.90      133.      0.00      2.96      0.00      0.00      0.00      0.00      0.00      0.00
  29  63  0  -1 B0079008 E.A.Bryant, D.  1963     9 29-CU-63(HE3,X)30-ZN-63,CUM,SI  2.97      2.66     1.471E+03 0.253     T2  77.3      41.8      7.00      9.30      23.4      0.00      2.97      0.00      0.00      0.00      0.00      0.00      0.00
  29   0  0  -1 A0606003 S.N.Kondratyev  1997    28 29-CU-0(HE3,X)30-ZN-65,CUM,SIG  2.97     0.391      135.     0.262     T2  57.9      125.      6.07      12.4      91.6      0.00      2.97      0.00      0.00      0.00      0.00      0.00      0.00
   6   0  0  -1 C2348003 C.B.Fulmer,D.A  1975    25 6-C-0(HE3,X)4-BE-7,,SIG         2.97     0.497      25.3     0.278     T2  23.6      42.2      10.0      13.3      97.9      0.00      2.97      0.00      0.00      0.00      0.00      0.00      0.00
  44 101  0  -1 D5057004 Ye.Skakun, S.M  2008     9 44-RU-101(HE3,N)46-PD-103,,SIG  2.98     0.456      6.63     0.351     T2  4.36      8.52      25.1      15.3      33.6      0.00      2.98      0.00      0.00      0.00      0.00      0.00      0.00
  44 101  0  -1 D5057004 Ye.Skakun, S.M  2008     9 44-RU-101(HE3,N)46-PD-103,,SIG  2.98     0.456      6.63     0.350     T2  4.36      8.52      25.1      15.3      33.6      0.00      2.98      0.00      0.00      0.00      0.00      0.00      0.00
  48   0  0   1 D4298012 B.M.Ali,M.Al-A  2014     7 48-CD-0(HE3,X)49-IN-114-M,,SIG  2.99      2.35      86.4     0.229     T3  96.7      54.7      20.7      16.0      26.4      0.00      2.99      0.00      0.00      0.00      0.00      0.00      0.00
  29  63  0  -1 T0120011 N.W.GOLCHERT,J  1970     7 29-CU-63(HE3,X)29-CU-60,CUM,SI  2.99     0.424      12.7     0.192     T2  2.64      6.19      16.0      21.4      33.8      0.00      2.99      0.00      0.00      0.00      0.00      0.00      0.00
  12  24  0  -1 B0005004 C.E.MOSS, C.S.  1974     7 12-MG-24(HE3,2N)14-SI-25,,SIG,  2.99     0.387      68.8     0.267     T2 9.852E-02 0.323      9.24      25.0      43.0      0.00      2.99      0.00      0.00      0.00      0.00      0.00      0.00
  30  64  0  -1 R0041007 D.F.Crisler, H  1972     2 30-ZN-64(HE3,N+A)30-ZN-62,,SIG  3.00     0.348      37.8     0.186     T1  11.7      19.3      10.7      21.3      42.8      0.00      3.00      0.00      0.00      0.00      0.00      0.00      0.00
  27  59  0  -1 E1370005 Y.Nagame, Y.Na  1988    26 27-CO-59(HE3,N+A)27-CO-57,,SIG  3.00      2.16      194.     0.212     T2  87.6      37.8      22.4      10.4      38.7      0.00      3.00      0.00      0.00      0.00      0.00      0.00      0.00
  17  37  0   0 A0240003KD.M.Lee,S.S.Ma  1974    11 17-CL-37(HE3,2N)19-K-38-G,,SIG  3.00      2.44      937.     0.243     T2  28.5      14.5      15.0      7.55      20.0      0.00      3.00      0.00      0.00      0.00      0.00      0.00      0.00
  17  37  0   0 A0240003KD.M.Lee,S.S.Ma  1974    11 17-CL-37(HE3,2N)19-K-38-G,,SIG  3.00      2.44      937.     0.251     T2  28.5      14.5      15.0      7.55      20.0      0.00      3.00      0.00      0.00      0.00      0.00      0.00      0.00
  74 186  0  -1 F1470004 A.N.Moiseeva,R  2021     2 74-W-186(HE3,X)75-RE-183,CUM,S  3.01      2.58      155.     0.287     T2  155.      91.0      20.1      37.7      43.8      0.00      3.01      0.00      0.00      0.00      0.00      0.00      0.00
  26   0  0  -1 C2345003 C.B.Fulmer,I.R  1972    12 26-FE-0(HE3,X)28-NI-57,,SIG     3.03     0.370      13.0     0.257     T2  7.38      14.1      19.7      5.72      68.8      0.00      3.03      0.00      0.00      0.00      0.00      0.00      0.00
  22   0  0  -1 D41120042F.Ditroi,F.Tar  2000    36 22-TI-0(HE3,X)21-SC-47,,SIG     3.03     0.401      41.7     0.274     T2 0.616      1.82      10.8      13.8      35.8      0.00      3.03      0.00      0.00      0.00      0.00      0.00      0.00
  22   0  0  -1 D4360005 F.Szelecsenyi,  2017    45 22-TI-0(HE3,X)21-SC-47,,SIG     3.06     0.336      35.6     0.263     T2  3.73      11.9      13.8      11.8      68.4      0.00      3.06      0.00      0.00      0.00      0.00      0.00      0.00
  79 197  0   1 E1306012 Y.Nagame, K.Su  1990    17 79-AU-197(HE3,A)79-AU-196-M,,S  3.09      2.65      495.     0.245     T2 0.794     0.291      13.2      17.0      38.2      0.00      3.09      0.00      0.00      0.00      0.00      0.00      0.00
  74 183  0  -1 C2513003 K.X.Jing,L.W.P  2001    21 74-W-183(HE3,F),,SIG            3.09     0.365      227.     0.196     T2  2.56      3.95      6.56      32.0      149.      0.00      3.09      0.00      0.00      0.00      0.00      0.00      0.00
  92 235  0  -1 O2270007 J.Aaltonen, E.  2015     5 92-U-235(HE3,X)93-NP-235,,SIG   3.10      2.39      60.7     0.278     T3  54.1      17.8      29.9      20.4      42.0      0.00      3.10      0.00      0.00      0.00      0.00      0.00      0.00
  36   0  0   1 A0395010 F.Tarkanyi,S.M  1988    17 36-KR-0(HE3,X)37-RB-82-M,,SIG   3.10      2.71      333.     0.218     T2  48.8      24.6      14.6      11.0      33.1      0.00      3.10      0.00      0.00      0.00      0.00      0.00      0.00
  29  63  0  -1 T0120009 N.W.GOLCHERT,J  1970    24 29-CU-63(HE3,N+A)29-CU-61,,SIG  3.11     0.372      9.85     0.252     T2  19.5      48.1      20.0      19.4      33.8      0.00      3.11      0.00      0.00      0.00      0.00      0.00      0.00
  26   0  0  -1 C2345002 C.B.Fulmer,I.R  1972    10 26-FE-0(HE3,X)28-NI-56,,SIG     3.11     0.428      0.00     0.250     T2 0.600      1.86      0.00      13.2      69.0      0.00      3.11      0.00      0.00      0.00      0.00      0.00      0.00
  41  93  0  -1 O13380021L.T.Auler, A.G  1981    19 41-NB-93(HE3,2N)43-TC-94,,SIG   3.13     0.329     5.680E+03 0.340     T2  26.2      88.1      1.70      14.0      35.1      0.00      3.13      0.00      0.00      0.00      0.00      0.00      0.00
  41  93  0  -1 O13380021L.T.Auler, A.G  1981    19 41-NB-93(HE3,2N)43-TC-94,,SIG   3.13     0.329     5.680E+03 0.351     T2  26.2      88.1      1.70      14.0      35.1      0.00      3.13      0.00      0.00      0.00      0.00      0.00      0.00
  29   0  0  -1 A0606005 S.N.Kondratyev  1997    27 29-CU-0(HE3,X)27-CO-58,,SIG     3.16     0.356      108.     0.234     T2  23.7      66.9      7.35      12.4      91.6      0.00      3.16      0.00      0.00      0.00      0.00      0.00      0.00
  22   0  0  -1 E2627003 M.U.Khandaker,  2019    13 22-TI-0(HE3,X)24-CR-48,,SIG     3.16     0.415      109.     0.316     T2  2.38      5.02      6.36      8.70      54.8      0.00      3.16      0.00      0.00      0.00      0.00      0.00      0.00
  93 237  0  -1 D0371009 J.Aaltonen,V.D  1996     3 93-NP-237(HE3,X)94-PU-237,CUM,  3.17      2.60      106.     0.254     T3  22.8      13.1      20.5      20.1      25.9      0.00      3.17      0.00      0.00      0.00      0.00      0.00      0.00
  74 184  0  -1 C2513004 K.X.Jing,L.W.P  2001    21 74-W-184(HE3,F),,SIG            3.17     0.361      238.     0.222     T2  1.63      2.78      5.51      32.7      148.      0.00      3.17      0.00      0.00      0.00      0.00      0.00      0.00
  48   0  0   1 D4298011 B.M.Ali,M.Al-A  2014     8 48-CD-0(HE3,X)49-IN-115-M,,SIG  3.20     0.375      32.9     0.244     T2  7.76      25.5      12.5      13.8      26.4      0.00      3.20      0.00      0.00      0.00      0.00      0.00      0.00
  47 109  0  -1 E1963004 T.Omori, M.Yag  1980    21 47-AG-109(HE3,N)49-IN-111,,SIG  3.20      1.69     3.933E+03 0.288     T2  4.75      2.47      8.00      12.2      46.0      0.00      3.20      0.00      0.00      0.00      0.00      0.00      0.00
  47 109  0  -1 E1963004 T.Omori, M.Yag  1980    21 47-AG-109(HE3,N)49-IN-111,,SIG  3.20      1.69     3.933E+03 0.301     T2  4.75      2.47      8.00      12.2      46.0      0.00      3.20      0.00      0.00      0.00      0.00      0.00      0.00
   3   6  0  -1 A0165002 S.N.Abramovich  1982     8 3-LI-6(HE3,X)4-BE-7,,SIG        3.21     0.329      60.6     0.267     T3  113.      324.      8.48      1.75      6.89      0.00      3.21      0.00      0.00      0.00      0.00      0.00      0.00
  36   0  0  -1 A0395007 F.Tarkanyi,S.M  1988    22 36-KR-0(HE3,X)37-RB-86,,SIG     3.22      2.48      574.     0.230     T2  81.0      43.8      15.4      11.1      33.6      0.00      3.22      0.00      0.00      0.00      0.00      0.00      0.00
  47 109  0   0 D4327005 F.Tarkanyi, S.  2015    12 47-AG-109(HE3,2N)49-IN-110-G,,  3.23     0.316      31.8     0.326     T2  11.6      39.6      12.3      13.3      26.6      0.00      3.23      0.00      0.00      0.00      0.00      0.00      0.00
  47 109  0   0 D4327005 F.Tarkanyi, S.  2015    12 47-AG-109(HE3,2N)49-IN-110-G,,  3.23     0.316      31.8     0.329     T2  11.6      39.6      12.3      13.3      26.6      0.00      3.23      0.00      0.00      0.00      0.00      0.00      0.00
   3   6  0  -1 A1414005 C.R.McClenahan  1975     4 3-LI-6(HE3,N)5-B-8,,SIG         3.24      3.07      564.     0.264     T2  45.5      14.9      10.8      5.30      7.40      0.00      3.24      0.00      0.00      0.00      0.00      0.00      0.00
   3   6  0  -1 A1414005 C.R.McClenahan  1975     4 3-LI-6(HE3,N)5-B-8,,SIG         3.24      3.07      564.     0.274     T2  45.5      14.9      10.8      5.30      7.40      0.00      3.24      0.00      0.00      0.00      0.00      0.00      0.00
  45 103  0  -1 D4391002 B.M.Ali,M.Al-A  2018    11 45-RH-103(HE3,N)47-AG-105,,SIG  3.26      2.54     1.016E+03 0.220     T2  6.50      2.92      12.5      12.4      26.3      0.00      3.26      0.00      0.00      0.00      0.00      0.00      0.00
  45 103  0  -1 D4391002 B.M.Ali,M.Al-A  2018    11 45-RH-103(HE3,N)47-AG-105,,SIG  3.26      2.54     1.016E+03 0.229     T2  6.50      2.92      12.5      12.4      26.3      0.00      3.26      0.00      0.00      0.00      0.00      0.00      0.00
  78   0  0   1 D07370141N.K.Skobelev,   2014     3 78-PT-0(HE3,X)79-AU-198-M,,SIG  3.27     0.377      33.2     0.218     T2 0.259      1.12      176.      15.7      19.6      0.00      3.27      0.00      0.00      0.00      0.00      0.00      0.00
  34  77  0  -1 A01540049He Youfeng, S.  1982    11 34-SE-77(HE3,N)36-KR-79,,SIG    3.27     0.342      76.9     0.238     T2  5.21      16.5      7.50      14.9      35.7      0.00      3.27      0.00      0.00      0.00      0.00      0.00      0.00
  34  77  0  -1 A01540049He Youfeng, S.  1982    11 34-SE-77(HE3,N)36-KR-79,,SIG    3.27     0.342      76.9     0.234     T2  5.21      16.5      7.50      14.9      35.7      0.00      3.27      0.00      0.00      0.00      0.00      0.00      0.00
  79 197  0   1 D0493027 J.D.Stickler,   1974     2 79-AU-197(HE3,2N)81-TL-198-M,,  3.28     0.358      10.4     0.376     T2  1.90      3.13      18.3      16.4      22.6      0.00      3.28      0.00      0.00      0.00      0.00      0.00      0.00
  79 197  0   1 D0493027 J.D.Stickler,   1974     2 79-AU-197(HE3,2N)81-TL-198-M,,  3.28     0.358      10.4     0.377     T2  1.90      3.13      18.3      16.4      22.6      0.00      3.28      0.00      0.00      0.00      0.00      0.00      0.00
  34  76  0  -1 A01540037He Youfeng, S.  1982    13 34-SE-76(HE3,X)35-BR-77,,SIG    3.29     0.592     1.725E+03 0.227     T3  237.      448.      10.0      13.9      35.1      0.00      3.29      0.00      0.00      0.00      0.00      0.00      0.00
  34  76  0  -1 A0154007 He Youfeng, S.  1982    12 34-SE-76(HE3,A)34-SE-75,,SIG    3.29      2.61      159.     0.252     T3  123.      32.3      25.9      10.2      35.1      0.00      3.29      0.00      0.00      0.00      0.00      0.00      0.00
  41  93  0  -1 O1123007 C.Necheva, D.K  1998     6 41-NB-93(HE3,2N+A)41-NB-90,,SI  3.32     0.332      15.7     0.127     T2 6.540E-02 9.300E-02  18.3      6.20      19.5      0.00      3.32      0.00      0.00      0.00      0.00      0.00      0.00
  74 186  0  -1 C2513005 K.X.Jing,L.W.P  2001    16 74-W-186(HE3,F),,SIG            3.34     0.332      255.     0.217     T2 0.918      1.64      10.2      34.1      150.      0.00      3.34      0.00      0.00      0.00      0.00      0.00      0.00
  27  59  0  -1 E1370007 Y.Nagame, Y.Na  1988    17 27-CO-59(HE3,2P)27-CO-60,,SIG   3.35     0.349      8.04     0.164     T2  24.6      68.8      22.4      10.4      38.2      0.00      3.35      0.00      0.00      0.00      0.00      0.00      0.00
  23  51  0  -1 A0295004 H.Klewe-Nebeni  1983     8 23-V-51(HE3,X)23-V-49,,SIG      3.35      2.22      416.     0.257     T2  77.8      33.4      25.0      8.59      41.3      0.00      3.35      0.00      0.00      0.00      0.00      0.00      0.00
  24   0  0   1 D40510021A.Fessler, S.M  1996     4 24-CR-0(HE3,X)26-FE-52-M,IND,S  3.36     0.384      5.70     0.199     T2 6.158E-02 0.177      33.3      29.2      34.2      0.00      3.36      0.00      0.00      0.00      0.00      0.00      0.00
  83 209  0  -1 A0544003 O.N.Vysotsky,A  1992    11 83-BI-209(HE3,3N)85-AT-209,,SI  3.37     0.323      19.4     0.225     T2  10.3      29.9      15.0      29.0      96.2      0.00      3.37      0.00      0.00      0.00      0.00      0.00      0.00
  83 209  0  -1 A0544003 O.N.Vysotsky,A  1992    11 83-BI-209(HE3,3N)85-AT-209,,SI  3.37     0.323      19.4     0.226     T2  10.3      29.9      15.0      29.0      96.2      0.00      3.37      0.00      0.00      0.00      0.00      0.00      0.00
  46   0  0  -1 D4315008 M.Al-Abyad,F.T  2014    14 46-PD-0(HE3,X)47-AG-112,,SIG    3.37     0.322      15.3     0.239     T2 0.547      1.80      18.7      13.6      26.5      0.00      3.37      0.00      0.00      0.00      0.00      0.00      0.00
  29   0  0  -1 D4109002 F.Tarkanyi,F.D  2002    60 29-CU-0(HE3,X)31-GA-66,,SIG     3.37     0.389      20.2     0.281     T2  24.7      47.0      15.5      6.40      35.7      0.00      3.37      0.00      0.00      0.00      0.00      0.00      0.00
  29  65  0  -1 A0347043 H.H.Bissem,R.G  1980     3 29-CU-65(HE3,2N)31-GA-66,,SIG   3.39     0.313      71.2     0.211     T3  102.      272.      8.00      14.1      24.3      0.00      3.39      0.00      0.00      0.00      0.00      0.00      0.00
  29  65  0  -1 A0347043 H.H.Bissem,R.G  1980     3 29-CU-65(HE3,2N)31-GA-66,,SIG   3.39     0.313      71.2     0.220     T3  102.      272.      8.00      14.1      24.3      0.00      3.39      0.00      0.00      0.00      0.00      0.00      0.00
  22   0  0   1 D4360007 F.Szelecsenyi,  2017    44 22-TI-0(HE3,X)21-SC-44-M,,SIG   3.40     0.319      38.3     0.211     T2  11.0      40.0      11.3      11.8      68.4      0.00      3.40      0.00      0.00      0.00      0.00      0.00      0.00
  79 197  0   1 E1306012 Y.Nagame, K.Su  1990    13 79-AU-197(HE3,A)79-AU-196-M,,S  3.41      2.90      629.     0.179     T2 0.695     0.291      13.2      17.0      38.2      0.00      3.41      0.00      0.00      0.00      0.00      0.00      0.00
  34  77  0  -1 A0154006 He Youfeng, S.  1982    11 34-SE-77(HE3,N+A)34-SE-75,,SIG  3.41     0.531      116.     0.206     T2  30.0      52.0      7.50      15.0      35.4      0.00      3.41      0.00      0.00      0.00      0.00      0.00      0.00
  27  59  0  -1 A0602004 S.N.KONDRATYEV  1998     2 27-CO-59(HE3,2P)27-CO-60,,SIG   3.42     0.332      51.4     4.940E-02 T2  28.8      41.4      9.11      17.0      91.9      0.00      3.42      0.00      0.00      0.00      0.00      0.00      0.00
  79 197  0   1 B0033002MF.HERMES, E.W.  1974    11 79-AU-197(HE3,2N)81-TL-198-M,,  3.46     0.318      0.00     0.266     T2  3.12      8.53      0.00      14.3      31.3      0.00      3.46      0.00      0.00      0.00      0.00      0.00      0.00
  79 197  0   1 B0033002MF.HERMES, E.W.  1974    11 79-AU-197(HE3,2N)81-TL-198-M,,  3.46     0.318      0.00     0.265     T2  3.12      8.53      0.00      14.3      31.3      0.00      3.46      0.00      0.00      0.00      0.00      0.00      0.00
  47 107  0  -1 A0319007 P.Misaelides,H  1980    10 47-AG-107(HE3,X)47-AG-105,,SIG  3.46     0.450      69.3     0.224     T2  15.6      20.4      11.9      14.4      39.7      0.00      3.46      0.00      0.00      0.00      0.00      0.00      0.00
   9  19  0  -1 F0207003 O.D.Brill'      1965    11 9-F-19(HE3,A)9-F-18,,SIG        3.46     0.451      11.4     0.215     T2  12.7      27.3      25.0      7.99      30.3      0.00      3.46      0.00      0.00      0.00      0.00      0.00      0.00
  21  45  0  -1 D0716007 N.K.Skobelev,   2013    10 21-SC-45(HE3,2P)21-SC-46,,SIG   3.50     0.303      59.6     0.220     T2  39.1      112.      11.5      7.07      24.7      0.00      3.50      0.00      0.00      0.00      0.00      0.00      0.00
  47 107  0   1 A0319006 P.Misaelides,H  1980     9 47-AG-107(HE3,A)47-AG-106-M,,S  3.51      3.36      474.     0.250     T2  13.0      4.66      12.5      13.1      39.7      0.00      3.51      0.00      0.00      0.00      0.00      0.00      0.00
  29   0  0  -1 E2674002 M.U.Khandaker,  2020    13 29-CU-0(HE3,X)30-ZN-65,CUM,SIG  3.51     0.376      67.8     0.248     T2  85.4      183.      8.03      6.18      52.8      0.00      3.51      0.00      0.00      0.00      0.00      0.00      0.00
  79 197  0   1 D07370101N.K.Skobelev,   2014     5 79-AU-197(HE3,X)80-HG-197-M,,S  3.52      3.37      350.     0.314     T3  73.4      28.8      14.5      17.3      24.2      0.00      3.52      0.00      0.00      0.00      0.00      0.00      0.00
  47 109  0   0 E1963003 T.Omori, M.Yag  1980    24 47-AG-109(HE3,2N)49-IN-110-G,,  3.52     0.349      86.3     0.226     T2  8.72      34.9      8.00      11.6      45.8      0.00      3.52      0.00      0.00      0.00      0.00      0.00      0.00
  47 109  0   0 E1963003 T.Omori, M.Yag  1980    24 47-AG-109(HE3,2N)49-IN-110-G,,  3.52     0.349      86.3     0.230     T2  8.72      34.9      8.00      11.6      45.8      0.00      3.52      0.00      0.00      0.00      0.00      0.00      0.00
  41  93  0   1 A0583011 S.N.Kondratyev  1996    16 41-NB-93(HE3,X)42-MO-93-M,IND,  3.52     0.466      536.     0.231     T2  23.1      55.5      6.41      14.7      93.0      0.00      3.52      0.00      0.00      0.00      0.00      0.00      0.00
  29  63  0  -1 A0347027 H.H.Bissem,R.G  1980     5 29-CU-63(HE3,X)30-ZN-63,CUM,SI  3.52      3.09     2.174E+03 0.148     T3  167.      78.0      8.00      13.7      24.3      0.00      3.52      0.00      0.00      0.00      0.00      0.00      0.00
  78   0  0  -1 D4281015 M.Al-Abyad,F.T  2013    12 78-PT-0(HE3,X)79-AU-195,CUM,SI  3.53     0.436      22.8     0.208     T2  55.1      61.7      14.0      15.6      26.2      0.00      3.53      0.00      0.00      0.00      0.00      0.00      0.00
  29  65  0  -1 T0120020 N.W.GOLCHERT,J  1970    16 29-CU-65(HE3,3N)31-GA-65,,SIG   3.53     0.386      16.3     0.294     T2  21.2      42.9      15.0      16.0      33.3      0.00      3.53      0.00      0.00      0.00      0.00      0.00      0.00
  29  65  0  -1 T0120020 N.W.GOLCHERT,J  1970    16 29-CU-65(HE3,3N)31-GA-65,,SIG   3.53     0.386      16.3     0.279     T2  21.2      42.9      15.0      16.0      33.3      0.00      3.53      0.00      0.00      0.00      0.00      0.00      0.00
  67 165  0  -1 E08280291T.Motobayashi,  1984     1 67-HO-165(HE3,X)1-H-1,,SIG      3.54     0.282      0.00     0.232     T2  285.     1.010E+03  0.00      100.      100.      0.00      3.54      0.00      0.00      0.00      0.00      0.00      0.00
  46   0  0  -1 D4315007 M.Al-Abyad,F.T  2014    15 46-PD-0(HE3,X)47-AG-111,CUM,SI  3.54     0.318      26.3     0.216     T2  6.64      23.7      14.2      12.1      26.5      0.00      3.54      0.00      0.00      0.00      0.00      0.00      0.00
  51   0  0  -1 E2153007 Y.Homma, Y.Mur  1976    20 51-SB-0(HE3,X)53-I-124,,SIG     3.55     0.325      0.00     0.210     T2  5.86      23.1      0.00      13.4      30.9      0.00      3.55      0.00      0.00      0.00      0.00      0.00      0.00
  41  93  0  -1 A0583013 S.N.Kondratyev  1996    10 41-NB-93(HE3,X)42-MO-90,CUM,SI  3.57      1.63     2.223E+03 0.181     T2  54.5      62.0      7.30      48.0      93.0      0.00      3.57      0.00      0.00      0.00      0.00      0.00      0.00
  27  59  0  -1 E1961012 Y.Homma, Y.Mur  1977    10 27-CO-59(HE3,X)27-CO-57,CUM,SI  3.57      3.47      0.00     0.254     T2  138.      45.1      0.00      32.1      40.0      0.00      3.57      0.00      0.00      0.00      0.00      0.00      0.00
  79 197  0   1 D07370081N.K.Skobelev,   2014     5 79-AU-197(HE3,2N)81-TL-198-M,,  3.59     0.286      10.9     0.178     T2  2.29      6.95      23.0      17.3      24.2      0.00      3.59      0.00      0.00      0.00      0.00      0.00      0.00
  79 197  0   1 D07370081N.K.Skobelev,   2014     5 79-AU-197(HE3,2N)81-TL-198-M,,  3.59     0.286      10.9     0.177     T2  2.29      6.95      23.0      17.3      24.2      0.00      3.59      0.00      0.00      0.00      0.00      0.00      0.00
  22   0  0  -1 D4112008 F.Ditroi,F.Tar  2000    22 22-TI-0(HE3,X)24-CR-49,,SIG     3.61      1.12      0.00     0.270     T2  54.4      57.0      0.00      7.52      26.8      0.00      3.61      0.00      0.00      0.00      0.00      0.00      0.00
  41  93  0  -1 A0347016 H.H.Bissem,R.G  1980    15 41-NB-93(HE3,2N)43-TC-94,,SIG   3.63     0.286      49.8     0.234     T2  20.3      72.6      10.0      11.2      42.8      0.00      3.63      0.00      0.00      0.00      0.00      0.00      0.00
  41  93  0  -1 A0347016 H.H.Bissem,R.G  1980    15 41-NB-93(HE3,2N)43-TC-94,,SIG   3.63     0.286      49.8     0.241     T2  20.3      72.6      10.0      11.2      42.8      0.00      3.63      0.00      0.00      0.00      0.00      0.00      0.00
  29  65  0  -1 A0347011 H.H.Bissem,R.G  1980    23 29-CU-65(HE3,2N)31-GA-66,,SIG   3.65     0.290      49.1     0.157     T2  58.8      151.      10.0      12.5      43.8      0.00      3.65      0.00      0.00      0.00      0.00      0.00      0.00
  29  65  0  -1 A0347011 H.H.Bissem,R.G  1980    23 29-CU-65(HE3,2N)31-GA-66,,SIG   3.65     0.290      49.1     0.163     T3  58.8      151.      10.0      12.5      43.8      0.00      3.65      0.00      0.00      0.00      0.00      0.00      0.00
  29  63  0  -1 T0120010 N.W.GOLCHERT,J  1970     2 29-CU-63(HE3,N+A)29-CU-61,,SIG  3.65     0.274      13.2     0.215     T1  10.6      32.0      20.0      26.4      33.8      0.00      3.65      0.00      0.00      0.00      0.00      0.00      0.00
  22   0  0  -1 D4360002 F.Szelecsenyi,  2017    34 22-TI-0(HE3,X)24-CR-48,,SIG     3.66     0.331      30.2     0.252     T2  2.14      4.46      13.9      11.8      65.1      0.00      3.66      0.00      0.00      0.00      0.00      0.00      0.00
  34  76  0  -1 A01540037He Youfeng, S.  1982     9 34-SE-76(HE3,X)35-BR-77,,SIG    3.68     0.596     1.447E+03 0.144     T1  224.      448.      10.0      13.9      35.1      0.00      3.68      0.00      0.00      0.00      0.00      0.00      0.00
  83 209  0  -1 E1370012 Y.Nagame, Y.Na  1988    23 83-BI-209(HE3,N)85-AT-211,,SIG  3.71     0.343      8.03     0.176     T2 0.276     0.651      22.4      19.1      64.4      0.00      3.71      0.00      0.00      0.00      0.00      0.00      0.00
  83 209  0  -1 E1370012 Y.Nagame, Y.Na  1988    23 83-BI-209(HE3,N)85-AT-211,,SIG  3.71     0.343      8.03     0.317     T2 0.276     0.651      22.4      19.1      64.4      0.00      3.71      0.00      0.00      0.00      0.00      0.00      0.00
  29  63  0  -1 B0079013 E.A.Bryant, D.  1963    24 29-CU-63(HE3,2P)29-CU-64,,SIG   3.71     0.335      79.9     0.247     T2  32.4      74.7      7.00      6.70      24.6      0.00      3.71      0.00      0.00      0.00      0.00      0.00      0.00
   6  12  0  -1 B0101008 W.E.Crandall,   1956     5 6-C-12(HE3,X)6-C-11,,SIG        3.71     0.374      9.63     0.112     T2  33.9      72.1      18.3      37.2      485.      0.00      3.71      0.00      0.00      0.00      0.00      0.00      0.00
   6  12  0  -1 F0207009 O.D.Brill'      1965     8 6-C-12(HE3,X)7-N-13,,SIG        3.73     0.637      7.75     0.221     T1  76.3      90.1      25.0      9.76      30.8      0.00      3.73      0.00      0.00      0.00      0.00      0.00      0.00
  41  93  0  -1 A0583021 S.N.Kondratyev  1996    10 41-NB-93(HE3,X)40-ZR-88,CUM,SI  3.74     0.439      193.     0.209     T2  53.5      116.      6.97      31.8      90.7      0.00      3.74      0.00      0.00      0.00      0.00      0.00      0.00
  29  63  0  -1 T0120009 N.W.GOLCHERT,J  1970    17 29-CU-63(HE3,N+A)29-CU-61,,SIG  3.74     0.277      12.8     0.171     T1  17.1      48.1      20.0      19.4      33.8      0.00      3.74      0.00      0.00      0.00      0.00      0.00      0.00
  27  59  0  -1 A0210014 R.Michel,M.Gal  1983    15 27-CO-59(HE3,X)24-CR-51,CUM,SI  3.74     0.429      72.3     0.191     T2  25.7      31.1      10.5      47.7      128.      0.00      3.74      0.00      0.00      0.00      0.00      0.00      0.00
  30  64  0  -1 R0041007 D.F.Crisler, H  1972     4 30-ZN-64(HE3,N+A)30-ZN-62,,SIG  3.78      1.23      701.     0.258     T2  27.8      19.3      10.7      21.3      42.8      0.00      3.78      0.00      0.00      0.00      0.00      0.00      0.00
  30  64  0  -1 A0448011 Y.Nagame, H.Na  1989     8 30-ZN-64(HE3,X)31-GA-65,CUM,SI  3.78     0.384      51.8     0.215     T1  120.      191.      7.94      8.30      33.9      0.00      3.78      0.00      0.00      0.00      0.00      0.00      0.00
  30   0  0  -1 D4373006 M.Al-Abyad,G.Y  2017    19 30-ZN-0(HE3,X)30-ZN-65,CUM,SIG  3.78     0.311      27.6     0.240     T2  93.5      302.      13.1      6.60      26.6      0.00      3.78      0.00      0.00      0.00      0.00      0.00      0.00
  47 109  0  -1 A0335008 M.Marten,A.Sch  1985    13 47-AG-109(HE3,2N)49-IN-110,,SI  3.80     0.273      92.0     0.219     T2  12.8      56.0      7.50      14.2      42.1      0.00      3.80      0.00      0.00      0.00      0.00      0.00      0.00
  47 109  0  -1 A0335008 M.Marten,A.Sch  1985    13 47-AG-109(HE3,2N)49-IN-110,,SI  3.80     0.273      92.0     0.223     T2  12.8      56.0      7.50      14.2      42.1      0.00      3.80      0.00      0.00      0.00      0.00      0.00      0.00
  46   0  0  -1 D4315010 M.Al-Abyad,F.T  2014    13 46-PD-0(HE3,X)48-CD-105,,SIG    3.81     0.345      28.4     0.197     T2  14.2      45.1      12.5      14.7      26.5      0.00      3.81      0.00      0.00      0.00      0.00      0.00      0.00
  45 103  0   1 D4391007 B.M.Ali,M.Al-A  2018    11 45-RH-103(HE3,X)45-RH-101-M,,S  3.81     0.313      35.4     0.200     T2  4.54      19.4      13.5      12.4      26.3      0.00      3.81      0.00      0.00      0.00      0.00      0.00      0.00
  45 103  0   1 D4391007 B.M.Ali,M.Al-A  2018    11 45-RH-103(HE3,X)45-RH-101-M,,S  3.81     0.313      35.4     0.230     T1  4.54      19.4      13.5      12.4      26.3      0.00      3.81      0.00      0.00      0.00      0.00      0.00      0.00
  17  37  0  -1 A02400038D.M.Lee,S.S.Ma  1974    11 17-CL-37(HE3,2P)17-CL-38,,SIG   3.81     0.418      309.     0.223     T2  13.7      47.1      15.0      8.25      20.0      0.00      3.81      0.00      0.00      0.00      0.00      0.00      0.00
  62 147  0  -1 D40550041F.-O.Denzler,   1995    22 62-SM-147(HE3,X)63-EU-147,,SIG  3.82      3.02     4.910E+03 0.216     T3  367.      137.      18.9      13.8      34.5      0.00      3.82      0.00      0.00      0.00      0.00      0.00      0.00
  50   0  0   1 D4338007 B.M.Ali,M.Al-A  2015    22 50-SN-0(HE3,X)52-TE-121-M,,SIG  3.84     0.264      37.5     0.251     T2  5.23      21.2      14.0      11.6      24.8      0.00      3.84      0.00      0.00      0.00      0.00      0.00      0.00
  34  77  0  -1 A01540058He Youfeng, S.  1982    12 34-SE-77(HE3,X)35-BR-78,,SIG    3.86     0.274      51.1     0.219     T3  114.      393.      10.0      10.4      34.2      0.00      3.86      0.00      0.00      0.00      0.00      0.00      0.00
  28   0  0   0 D4011003 S.Takacs,F.Tar  1995     6 28-NI-0(HE3,X)26-FE-52-G,,SIG   3.86     0.301      14.6     0.138     T2 3.062E-02 0.137      21.6      29.8      35.0      0.00      3.86      0.00      0.00      0.00      0.00      0.00      0.00
  29  65  0  -1 B0079005 E.A.Bryant, D.  1963    19 29-CU-65(HE3,2N)31-GA-66,,SIG   3.87     0.378      26.6     0.267     T2  92.9      168.      11.0      6.70      23.7      0.00      3.87      0.00      0.00      0.00      0.00      0.00      0.00
  29  65  0  -1 B0079005 E.A.Bryant, D.  1963    19 29-CU-65(HE3,2N)31-GA-66,,SIG   3.87     0.378      26.6     0.272     T2  92.9      168.      11.0      6.70      23.7      0.00      3.87      0.00      0.00      0.00      0.00      0.00      0.00
  22   0  0  -1 A0169007 R.Weinreich,H.  1980    55 22-TI-0(HE3,X)24-CR-48,,SIG     3.87     0.421      92.7     0.238     T2  2.04      2.84      1.50      9.40      135.      0.00      3.87      0.00      0.00      0.00      0.00      0.00      0.00
  22   0  0  -1 E2627006 M.U.Khandaker,  2019    12 22-TI-0(HE3,X)21-SC-46,,SIG     3.87     0.311      71.8     0.275     T2  10.1      27.8      8.26      16.0      54.8      0.00      3.87      0.00      0.00      0.00      0.00      0.00      0.00
  44 101  0  -1 O1363004 Ye.Skakun, S.M  2004     9 44-RU-101(HE3,N)46-PD-103,,SIG  3.89     0.323      0.00     0.181     T2  4.30      11.3      0.00      14.6      33.8      0.00      3.89      0.00      0.00      0.00      0.00      0.00      0.00
  44 101  0  -1 O1363004 Ye.Skakun, S.M  2004     9 44-RU-101(HE3,N)46-PD-103,,SIG  3.89     0.323      0.00     0.175     T2  4.30      11.3      0.00      14.6      33.8      0.00      3.89      0.00      0.00      0.00      0.00      0.00      0.00
  27  59  0  -1 E1929002 F.Szelecsenyi,  2004    35 27-CO-59(HE3,2N)29-CU-60,,SIG   3.89     0.337      31.7     0.242     T2  23.4      37.8      11.6      4.13      65.1      0.00      3.89      0.00      0.00      0.00      0.00      0.00      0.00
  28   0  0  -1 D4011010 S.Takacs,F.Tar  1995    32 28-NI-0(HE3,X)28-NI-57,,SIG     3.90      2.43     1.530E+03 0.212     T2  91.6      19.3      12.0      8.60      35.0      0.00      3.90      0.00      0.00      0.00      0.00      0.00      0.00
   3   7  0  -1 A0165003 S.N.Abramovich  1982     8 3-LI-7(HE3,T)4-BE-7,,SIG        3.91     0.405      81.9     0.254     T3  84.5      165.      8.77      1.83      7.93      0.00      6.48      1.61      0.00      0.00      0.00      0.00      0.00
  34  77  0  -1 A01540057He Youfeng, S.  1982    11 34-SE-77(HE3,X)35-BR-77,,SIG    3.95      1.29     4.651E+03 0.189     T3  438.      652.      10.0      14.7      35.4      0.00      3.95      0.00      0.00      0.00      0.00      0.00      0.00
  30  64  0  -1 A0448013 Y.Nagame, H.Na  1989    11 30-ZN-64(HE3,X)30-ZN-63,CUM,SI  3.96      2.56     2.709E+03 0.187     T3  236.      49.1      7.94      16.7      38.7      0.00      3.96      0.00      0.00      0.00      0.00      0.00      0.00
  22   0  0  -1 D4360006 F.Szelecsenyi,  2017    45 22-TI-0(HE3,X)21-SC-46,,SIG     3.99     0.299      31.7     0.179     T2  15.6      39.3      12.3      11.8      68.4      0.00      3.99      0.00      0.00      0.00      0.00      0.00      0.00
   6  12  0  -1 F1130003 J.Singh         1970    20 6-C-12(HE3,X)7-N-13,PAR,SIG     3.99     0.475      333.     0.211     T1  77.8      117.      3.15      7.04      30.7      0.00      3.99      0.00      0.00      0.00      0.00      0.00      0.00
  47 107  0  -1 A0319007 P.Misaelides,H  1980     7 47-AG-107(HE3,X)47-AG-105,,SIG  4.00     0.251      38.9     0.151     T1  5.30      20.4      11.9      14.4      39.7      0.00      4.00      0.00      0.00      0.00      0.00      0.00      0.00
  27  59  0  -1 E1370006 Y.Nagame, Y.Na  1988    20 27-CO-59(HE3,2N+A)27-CO-56,,SI  4.01     0.420      12.7     0.163     T2  11.7      30.8      22.4      17.8      39.0      0.00      4.01      0.00      0.00      0.00      0.00      0.00      0.00
  62 147  0  -1 D40550022F.-O.Denzler,   1995    20 62-SM-147(HE3,N)64-GD-149,,SIG  4.04     0.364      6.30     0.196     T2  1.67      4.36      29.8      11.3      33.1      0.00      4.04      0.00      0.00      0.00      0.00      0.00      0.00
  62 147  0  -1 D40550022F.-O.Denzler,   1995    20 62-SM-147(HE3,N)64-GD-149,,SIG  4.04     0.364      6.30     0.205     T2  1.67      4.36      29.8      11.3      33.1      0.00      4.04      0.00      0.00      0.00      0.00      0.00      0.00
  44 101  0   1 D5048004 Ye.Skakun, S.M  2007    18 44-RU-101(HE3,X)45-RH-102-M,,S  4.05     0.272      50.9     0.222     T2  25.1      92.2      10.2      12.0      33.7      0.00      4.05      0.00      0.00      0.00      0.00      0.00      0.00
   3   7  0  -1 B01590031L.RUBY, J.W.ST  1978     3 3-LI-7(HE3,T)4-BE-7,,SIG,,,EXP  4.05     0.438      100.     0.426     T2  60.6      101.      7.45      2.00      6.00      0.00      6.85      1.58      0.00      0.00      0.00      0.00      0.00
  29  65  0  -1 A0347012 H.H.Bissem,R.G  1980    20 29-CU-65(HE3,3N)31-GA-65,,SIG   4.06     0.414      81.6     0.169     T2  17.7      48.1      10.0      16.6      41.4      0.00      4.06      0.00      0.00      0.00      0.00      0.00      0.00
  29  65  0  -1 A0347012 H.H.Bissem,R.G  1980    20 29-CU-65(HE3,3N)31-GA-65,,SIG   4.06     0.414      81.6     0.165     T2  17.7      48.1      10.0      16.6      41.4      0.00      4.06      0.00      0.00      0.00      0.00      0.00      0.00
  33  75  0  -1 A0232002 Z.B.Alfassi,R.  1982    52 33-AS-75(HE3,2N)35-BR-76,,SIG   4.12     0.321      12.9     0.199     T2  39.3      61.9      18.5      12.1      70.7      0.00      4.12      0.00      0.00      0.00      0.00      0.00      0.00
  33  75  0  -1 A0232002 Z.B.Alfassi,R.  1982    52 33-AS-75(HE3,2N)35-BR-76,,SIG   4.12     0.321      12.9     0.205     T2  39.3      61.9      18.5      12.1      70.7      0.00      4.12      0.00      0.00      0.00      0.00      0.00      0.00
  33  75  0  -1 A0232005 Z.B.Alfassi,R.  1982    22 33-AS-75(HE3,N)35-BR-77,,SIG    4.16     0.316      2.01     0.116     T2  2.11      3.90      50.1      16.1      69.5      0.00      4.16      0.00      0.00      0.00      0.00      0.00      0.00
  33  75  0  -1 A0232005 Z.B.Alfassi,R.  1982    22 33-AS-75(HE3,N)35-BR-77,,SIG    4.16     0.316      2.01     0.117     T2  2.11      3.90      50.1      16.1      69.5      0.00      4.16      0.00      0.00      0.00      0.00      0.00      0.00
  26  56  0  -1 C2320005 J.-P.Hazan,M.B  1965    24 26-FE-56(HE3,2N)28-NI-57,,SIG   4.17     0.391      7.51     0.219     T2  13.2      27.0      20.0      6.50      29.3      0.00      4.17      0.00      0.00      0.00      0.00      0.00      0.00
  26  56  0  -1 C2320005 J.-P.Hazan,M.B  1965    24 26-FE-56(HE3,2N)28-NI-57,,SIG   4.17     0.391      7.51     0.223     T2  13.2      27.0      20.0      6.50      29.3      0.00      4.17      0.00      0.00      0.00      0.00      0.00      0.00
  47 107  0   1 A0319003MP.Misaelides,H  1980    17 47-AG-107(HE3,2N)49-IN-108-M,,  4.18     0.249      32.6     0.214     T2  7.18      30.9      13.0      12.3      39.7      0.00      4.18      0.00      0.00      0.00      0.00      0.00      0.00
  47 107  0   1 A0319003MP.Misaelides,H  1980    17 47-AG-107(HE3,2N)49-IN-108-M,,  4.18     0.249      32.6     0.216     T2  7.18      30.9      13.0      12.3      39.7      0.00      4.18      0.00      0.00      0.00      0.00      0.00      0.00
  41  93  0   1 A0583002 S.N.Kondratyev  1996     8 41-NB-93(HE3,N)43-TC-95-M,,SIG  4.19     0.420      99.5     0.194     T2 0.414     0.367      13.7      12.8      67.4      0.00      4.19      0.00      0.00      0.00      0.00      0.00      0.00
  41  93  0   1 A0583002 S.N.Kondratyev  1996     8 41-NB-93(HE3,N)43-TC-95-M,,SIG  4.19     0.420      99.5     0.275     T2 0.414     0.367      13.7      12.8      67.4      0.00      4.19      0.00      0.00      0.00      0.00      0.00      0.00
  30   0  0  -1 E2395006 Y.Nagame, M.Un  1978    10 30-ZN-0(HE3,X)32-GE-68,,SIG     4.19     0.300      0.00     0.159     T2  10.9      31.6      0.00      15.0      37.9      0.00      4.19      0.00      0.00      0.00      0.00      0.00      0.00
  44 101  0   0 D5048005 Ye.Skakun, S.M  2007    18 44-RU-101(HE3,X)45-RH-102-G,,S  4.22     0.245      43.9     0.232     T2  34.2      134.      11.4      12.0      33.7      0.00      4.22      0.00      0.00      0.00      0.00      0.00      0.00
  36   0  0  -1 A0395004 F.Tarkanyi,S.M  1988    22 36-KR-0(HE3,X)38-SR-82,,SIG     4.22     0.505      138.     0.162     T2  7.50      20.7      15.4      11.0      33.2      0.00      4.22      0.00      0.00      0.00      0.00      0.00      0.00
  41  93  0   0 A0583020 S.N.Kondratyev  1996    12 41-NB-93(HE3,X)40-ZR-89-G,IND,  4.23     0.568      5.42     0.152     T2  50.0      56.0      48.1      37.1      93.0      0.00      4.23      0.00      0.00      0.00      0.00      0.00      0.00
  50   0  0  -1 D4338002 B.M.Ali,M.Al-A  2015    19 50-SN-0(HE3,X)52-TE-116,,SIG    4.30     0.351      24.8     0.208     T2  3.06      13.4      16.0      13.7      24.8      0.00      4.30      0.00      0.00      0.00      0.00      0.00      0.00
  34  77  0  -1 A0154006 He Youfeng, S.  1982     7 34-SE-77(HE3,N+A)34-SE-75,,SIG  4.30     0.355      130.     0.104     T1  16.7      52.0      7.50      15.0      35.4      0.00      4.30      0.00      0.00      0.00      0.00      0.00      0.00
  32   0  0  -1 D0058004 A.Mushtaq, S.M  1990    42 32-GE-0(HE3,X)34-SE-75,,SIG     4.33     0.305      26.0     0.177     T2  35.2      73.1      15.5      13.0      36.0      0.00      4.33      0.00      0.00      0.00      0.00      0.00      0.00
  26   0  0  -1 C2345007 C.B.Fulmer,I.R  1972    12 26-FE-0(HE3,X)27-CO-58,,SIG     4.36     0.347      9.28     0.246     T2  12.6      19.2      22.8      5.33      69.3      0.00      4.36      0.00      0.00      0.00      0.00      0.00      0.00
  22   0  0  -1 A0169010 R.Weinreich,H.  1980    38 22-TI-0(HE3,X)21-SC-46,,SIG     4.37     0.286      3.23     0.212     T2  17.5      43.9      1.23      3.80      134.      0.00      4.37      0.00      0.00      0.00      0.00      0.00      0.00
  41  93  0  -1 A0583014 S.N.Kondratyev  1996    15 41-NB-93(HE3,X)41-NB-90,IND,SI  4.38     0.564      161.     0.213     T3  185.      160.      6.89      20.5      93.0      0.00      4.38      0.00      0.00      0.00      0.00      0.00      0.00
   5  11  0  -1 F0207016 O.D.Brill'      1965     9 5-B-11(HE3,T)6-C-11,,SIG        4.38     0.236      9.23     0.187     T2  11.3      46.9      25.0      9.00      29.8      0.00      4.38      0.00      0.00      0.00      0.00      0.00      0.00
   3   6  0  -1 F0011002 R.V.Pyle,L.Rub  1978    10 3-LI-6(HE3,X)4-BE-7,,SIG        4.39     0.245      169.     0.138     T3  100.      356.      5.72      1.70      5.90      0.00      4.39      0.00      0.00      0.00      0.00      0.00      0.00
  27  59  0  -1 A0210003 R.Michel,M.Gal  1983    18 27-CO-59(HE3,X)28-NI-57,,SIG    4.40      2.26     4.050E+03 0.213     T2  8.08      4.84      13.0      24.1      128.      0.00      4.40      0.00      0.00      0.00      0.00      0.00      0.00
   3   7  0  -1 F0011004 R.V.Pyle,L.Rub  1978     8 3-LI-7(HE3,T)4-BE-7,,SIG        4.40     0.360      97.0     0.371     T3  71.6      128.      6.82      1.70      5.90      0.00      8.07      1.18      0.00      0.00      0.00      0.00      0.00
  41  93  0   0 A0347014 H.H.Bissem,R.G  1980    15 41-NB-93(HE3,2N)43-TC-94-G,,SI  4.42     0.235      57.3     0.296     T2  12.9      55.6      10.0      11.2      42.8      0.00      4.42      0.00      0.00      0.00      0.00      0.00      0.00
  41  93  0   0 A0347014 H.H.Bissem,R.G  1980    15 41-NB-93(HE3,2N)43-TC-94-G,,SI  4.42     0.235      57.3     0.301     T2  12.9      55.6      10.0      11.2      42.8      0.00      4.42      0.00      0.00      0.00      0.00      0.00      0.00
  36  82  0  -1 F1435002 V.A.Zagryadski  2019     7 36-KR-82(HE3,3N)38-SR-82,,SIG   4.42     0.334      33.8     0.192     T2  31.1      78.9      19.9      20.0      75.0      0.00      4.42      0.00      0.00      0.00      0.00      0.00      0.00
  36  82  0  -1 F1435002 V.A.Zagryadski  2019     7 36-KR-82(HE3,3N)38-SR-82,,SIG   4.42     0.334      33.8     0.200     T2  31.1      78.9      19.9      20.0      75.0      0.00      4.42      0.00      0.00      0.00      0.00      0.00      0.00
  24   0  0   1 D40510022A.Fessler, S.M  1996    13 24-CR-0(HE3,X)26-FE-53-M,IND,S  4.42     0.241      18.2     0.159     T2  1.01      3.53      17.9      11.7      35.3      0.00      4.42      0.00      0.00      0.00      0.00      0.00      0.00
  27  59  0  -1 A0210011 R.Michel,M.Gal  1983    18 27-CO-59(HE3,X)25-MN-56,CUM,SI  4.43     0.269      82.5     0.179     T2  1.67      4.40      8.87      24.1      128.      0.00      4.43      0.00      0.00      0.00      0.00      0.00      0.00
  27  59  0  -1 A0602008 S.N.KONDRATYEV  1998    10 27-CO-59(HE3,X)27-CO-55,CUM,SI  4.46     0.752      347.     0.138     T2  9.45      4.72      9.77      17.0      91.9      0.00      4.46      0.00      0.00      0.00      0.00      0.00      0.00
  32   0  0  -1 D0058003 A.Mushtaq, S.M  1990    36 32-GE-0(HE3,X)34-SE-73,,SIG     4.48     0.321      21.6     0.164     T2  35.3      80.9      15.5      13.0      35.9      0.00      4.48      0.00      0.00      0.00      0.00      0.00      0.00
  29  63  0  -1 A0347026 H.H.Bissem,R.G  1980     5 29-CU-63(HE3,2N)31-GA-64,,SIG   4.54     0.226      92.1     0.195     T2  9.38      41.6      8.00      13.7      24.3      0.00      4.54      0.00      0.00      0.00      0.00      0.00      0.00
  29  63  0  -1 A0347026 H.H.Bissem,R.G  1980     5 29-CU-63(HE3,2N)31-GA-64,,SIG   4.54     0.226      92.1     0.196     T2  9.38      41.6      8.00      13.7      24.3      0.00      4.54      0.00      0.00      0.00      0.00      0.00      0.00
  27  59  0  -1 E1961014 Y.Homma, Y.Mur  1977     9 27-CO-59(HE3,X)27-CO-56,CUM,SI  4.54     0.254      0.00     0.208     T2  7.23      34.2      0.00      33.1      40.4      0.00      4.54      0.00      0.00      0.00      0.00      0.00      0.00
   3   0  0  -1 B01590032L.RUBY, J.W.ST  1978     1 3-LI-0(HE3,X)4-BE-7,,SIG,,,EXP  4.54     0.220      179.     0.282     T2  44.7      203.      5.83      6.00      6.00      0.00      4.54      0.00      0.00      0.00      0.00      0.00      0.00
  78 194  0  -1 D0737002 N.K.Skobelev,   2014     2 78-PT-194(HE3,X)79-AU-194,,SIG  4.55      4.50      565.     0.419     T3  275.      64.4      23.6      22.3      24.1      0.00      4.55      0.00      0.00      0.00      0.00      0.00      0.00
  14   0  0  -1 A0618005 O.N.Vysotskiy,  1993     7 14-SI-0(HE3,X)11-NA-24,,SIG     4.55     0.285      2.54     0.123     T2  2.90      9.71      55.5      36.6      90.8      0.00      4.55      0.00      0.00      0.00      0.00      0.00      0.00
  27  59  0  -1 A0602007 S.N.KONDRATYEV  1998    12 27-CO-59(HE3,X)27-CO-56,,SIG    4.57     0.825      319.     0.231     T2  65.6      41.9      6.54      17.0      91.9      0.00      4.57      0.00      0.00      0.00      0.00      0.00      0.00
  92 236  0  -1 O1309005 J.Aaltonen, P.  2001     6 92-U-236(HE3,X)93-NP-235,CUM,S  4.59     0.421      3.15     0.210     T2  9.82      15.0      25.0      21.1      42.4      0.00      4.59      0.00      0.00      0.00      0.00      0.00      0.00
  92 235  0  -1 O2270002 J.Aaltonen, E.  2015     2 92-U-235(HE3,N)94-PU-237,,SIG   4.59     0.223      88.0     0.123     T2 1.417E-02 0.173      8.26      20.4      42.0      0.00      4.59      0.00      0.00      0.00      0.00      0.00      0.00
  33  75  0  -1 A0253009 A.M.J.Paans,J.  1980     9 33-AS-75(HE3,3N)35-BR-75,,SIG   4.60     0.275      35.2     0.200     T2  39.6      139.      11.4      15.8      41.4      0.00      4.60      0.00      0.00      0.00      0.00      0.00      0.00
  33  75  0  -1 A0253009 A.M.J.Paans,J.  1980     9 33-AS-75(HE3,3N)35-BR-75,,SIG   4.60     0.275      35.2     0.193     T2  39.6      139.      11.4      15.8      41.4      0.00      4.60      0.00      0.00      0.00      0.00      0.00      0.00
  93 237  0  -1 D0371004 J.Aaltonen,V.D  1996     6 93-NP-237(HE3,X)94-PU-236,,SIG  4.62     0.236      17.5     0.134     T2 6.859E-02 0.357      40.1      21.3      26.0      0.00      4.62      0.00      0.00      0.00      0.00      0.00      0.00
  92 235  0  -1 O2270008 J.Aaltonen, E.  2015     6 92-U-235(HE3,X)93-NP-234,,SIG   4.62      4.08     1.881E+04 0.108     T2  16.1      3.44      108.      20.4      42.0      0.00      4.62      0.00      0.00      0.00      0.00      0.00      0.00
  44 102  0  -1 D5057005 Ye.Skakun, S.M  2008     9 44-RU-102(HE3,2N)46-PD-103,,SI  4.62     0.221      26.0     0.302     T2  29.9      144.      15.4      13.5      33.6      0.00      4.62      0.00      0.00      0.00      0.00      0.00      0.00
  44 102  0  -1 D5057005 Ye.Skakun, S.M  2008     9 44-RU-102(HE3,2N)46-PD-103,,SI  4.62     0.221      26.0     0.315     T2  29.9      144.      15.4      13.5      33.6      0.00      4.62      0.00      0.00      0.00      0.00      0.00      0.00
   7  14  0  -1 F0207004 O.D.Brill'      1965     8 7-N-14(HE3,A)7-N-13,,SIG        4.62      2.36      458.     0.200     T3  130.      49.7      25.0      6.47      29.4      0.00      4.62      0.00      0.00      0.00      0.00      0.00      0.00
  83 209  0  -1 A0544002 O.N.Vysotsky,A  1992     9 83-BI-209(HE3,2N)85-AT-210,,SI  4.71     0.251      22.5     0.188     T2  2.81      8.49      15.0      29.9      75.1      0.00      4.71      0.00      0.00      0.00      0.00      0.00      0.00
  28   0  0  -1 D4011014 S.Takacs,F.Tar  1995    12 28-NI-0(HE3,X)30-ZN-65,,SIG     4.72     0.224      21.7     0.141     T2  1.34      4.91      18.4      8.60      25.9      0.00      4.72      0.00      0.00      0.00      0.00      0.00      0.00
  41  93  0   0 D4014005 M.Fassbender,A  1994    36 41-NB-93(HE3,2N)43-TC-94-G,,SI  4.73     0.223      31.7     0.147     T2  16.7      80.4      21.4      8.60      35.0      0.00      4.73      0.00      0.00      0.00      0.00      0.00      0.00
  41  93  0   0 D4014005 M.Fassbender,A  1994    36 41-NB-93(HE3,2N)43-TC-94-G,,SI  4.73     0.223      31.7     0.161     T2  16.7      80.4      21.4      8.60      35.0      0.00      4.73      0.00      0.00      0.00      0.00      0.00      0.00
  24  52  0   1 C1766009 M.W.Greene,E.L  1970     3 24-CR-52(HE3,X)25-MN-52-M,,SIG  4.73      4.39     3.329E+03 0.114     T3  161.      39.5      6.96      29.2      39.5      0.00      4.73      0.00      0.00      0.00      0.00      0.00      0.00
   3   6  0  -1 T0031010 A.J.ELWYN,R.E.  1980     4 3-LI-6(HE3,D)4-BE-7,,SIG        4.77     0.341      4.85     0.230     T2  133.      229.      30.6      1.29      1.60      0.00      9.08      1.11      0.00      0.00      0.00      0.00      0.00
   8  16  0  -1 B0151002 J.Fitschen, R.  1977    13 8-O-16(HE3,X)9-F-18,CUM,SIG     4.79     0.262      248.     0.169     T2  29.5      45.7      4.67      13.9      40.3      0.00      4.79      0.00      0.00      0.00      0.00      0.00      0.00
   8  16  0  -1 B0151002 J.Fitschen, R.  1977    13 8-O-16(HE3,X)9-F-18,CUM,SIG     4.79     0.262      248.     0.172     T2  29.5      45.7      4.67      13.9      40.3      0.00      4.79      0.00      0.00      0.00      0.00      0.00      0.00
  36   0  0  -1 A0395003 F.Tarkanyi,S.M  1988    21 36-KR-0(HE3,X)38-SR-83,,SIG     4.80     0.301      28.3     0.146     T2  21.1      67.1      14.3      11.1      32.8      0.00      4.80      0.00      0.00      0.00      0.00      0.00      0.00
  29  65  0  -1 A0347045 H.H.Bissem,R.G  1980     2 29-CU-65(HE3,X)30-ZN-65,CUM,SI  4.81     0.282      68.1     0.118     T3  272.      387.      8.00      9.40      24.3      0.00      4.81      0.00      0.00      0.00      0.00      0.00      0.00
  44 102  0  -1 O1363005 Ye.Skakun, S.M  2004     9 44-RU-102(HE3,2N)46-PD-103,,SI  4.83     0.211      50.0     0.216     T2  29.8      148.      12.9      13.5      33.7      0.00      4.83      0.00      0.00      0.00      0.00      0.00      0.00
  44 102  0  -1 O1363005 Ye.Skakun, S.M  2004     9 44-RU-102(HE3,2N)46-PD-103,,SI  4.83     0.211      50.0     0.226     T3  29.8      148.      12.9      13.5      33.7      0.00      4.83      0.00      0.00      0.00      0.00      0.00      0.00
  78   0  0   1 D4281019 M.Al-Abyad,F.T  2013     7 78-PT-0(HE3,X)79-AU-198-M,,SIG  4.84      4.38      326.     0.289     T2  2.73     0.600      23.1      18.1      26.2      0.00      4.84      0.00      0.00      0.00      0.00      0.00      0.00
  34  76  0  -1 A01540027He Youfeng, S.  1982    16 34-SE-76(HE3,2N)36-KR-77,,SIG   4.84     0.403     1.469E+03 0.124     T3  91.0      196.      7.50      13.1      35.0      0.00      4.84      0.00      0.00      0.00      0.00      0.00      0.00
  48   0  0  -1 D4010003 F.Szelecsenyi,  1991     8 48-CD-0(HE3,X)50-SN-111,,SIG    4.91     0.243      14.7     0.172     T2  12.2      51.8      19.1      16.7      26.1      0.00      4.91      0.00      0.00      0.00      0.00      0.00      0.00
  50   0  0   1 D4338005 B.M.Ali,M.Al-A  2015    22 50-SN-0(HE3,X)52-TE-119-M,,SIG  4.92     0.228      36.2     0.157     T2  7.87      40.6      14.4      11.6      24.8      0.00      4.92      0.00      0.00      0.00      0.00      0.00      0.00
  79 197  0  -1 D0737006 N.K.Skobelev,   2014     7 79-AU-197(HE3,X)79-AU-196,,SIG  4.96     0.209      192.     0.174     T2 0.863      3.77      21.5      13.9      24.2      0.00      4.96      0.00      0.00      0.00      0.00      0.00      0.00
  67 165  0  -1 D0965004 O.Lebeda, J.Ra  2020    25 67-HO-165(HE3,2N)69-TM-166,,SI  4.96     0.216      38.9     0.213     T2  4.18      17.8      12.4      15.0      46.5      0.00      4.96      0.00      0.00      0.00      0.00      0.00      0.00
  67 165  0  -1 D0965004 O.Lebeda, J.Ra  2020    25 67-HO-165(HE3,2N)69-TM-166,,SI  4.96     0.216      38.9     0.211     T2  4.18      17.8      12.4      15.0      46.5      0.00      4.96      0.00      0.00      0.00      0.00      0.00      0.00
  30  64  0  -1 R0041008 D.F.Crisler, H  1972     4 30-ZN-64(HE3,X)29-CU-61,CUM,SI  4.96     0.236      56.1     8.023E-02 T2  17.2      78.6      9.33      21.3      42.8      0.00      4.96      0.00      0.00      0.00      0.00      0.00      0.00
  28   0  0  -1 D4011008 S.Takacs,F.Tar  1995    26 28-NI-0(HE3,X)27-CO-58,,SIG     4.97     0.252      40.4     0.171     T2  22.6      95.8      11.9      8.60      35.0      0.00      4.97      0.00      0.00      0.00      0.00      0.00      0.00
  30  64  0  -1 R0041005 D.F.Crisler, H  1972     4 30-ZN-64(HE3,2P)30-ZN-65,,SIG   4.98     0.234      19.5     0.210     T2  76.0      198.      18.3      21.3      42.8      0.00      4.98      0.00      0.00      0.00      0.00      0.00      0.00
  79 197  0  -1 D0737009 N.K.Skobelev,   2014     5 79-AU-197(HE3,2N)81-TL-198,,SI  5.01     0.204      51.3     0.144     T2  2.87      11.9      12.6      17.3      24.2      0.00      5.01      0.00      0.00      0.00      0.00      0.00      0.00
  79 197  0  -1 D0737009 N.K.Skobelev,   2014     5 79-AU-197(HE3,2N)81-TL-198,,SI  5.01     0.204      51.3     0.142     T2  2.87      11.9      12.6      17.3      24.2      0.00      5.01      0.00      0.00      0.00      0.00      0.00      0.00
  30  64  0  -1 A0448015 Y.Nagame, H.Na  1989    16 30-ZN-64(HE3,X)29-CU-61,CUM,SI  5.03     0.281      69.1     0.174     T2  21.8      94.6      7.94      21.7      39.0      0.00      5.03      0.00      0.00      0.00      0.00      0.00      0.00
  45 103  0   1 D4391003 B.M.Ali,M.Al-A  2018    11 45-RH-103(HE3,2N)47-AG-104-M,,  5.05     0.215      49.0     0.152     T2  12.7      72.7      10.8      12.4      26.3      0.00      5.05      0.00      0.00      0.00      0.00      0.00      0.00
  45 103  0   1 D4391003 B.M.Ali,M.Al-A  2018    11 45-RH-103(HE3,2N)47-AG-104-M,,  5.05     0.215      49.0     0.155     T2  12.7      72.7      10.8      12.4      26.3      0.00      5.05      0.00      0.00      0.00      0.00      0.00      0.00
  29  63  0  -1 T0120014 N.W.GOLCHERT,J  1970    39 29-CU-63(HE3,X)27-CO-58,,SIG    5.05     0.229      85.4     0.128     T2  2.35      7.85      8.00      8.10      33.8      0.00      5.05      0.00      0.00      0.00      0.00      0.00      0.00
  30  64  0  -1 A0448012 Y.Nagame, H.Na  1989    11 30-ZN-64(HE3,2P)30-ZN-65,,SIG   5.06     0.247      78.6     0.151     T3  126.      366.      7.94      12.2      37.1      0.00      5.06      0.00      0.00      0.00      0.00      0.00      0.00
  27  59  0  -1 A0602002 S.N.KONDRATYEV  1998    10 27-CO-59(HE3,X)28-NI-57,CUM,SI  5.09      2.84     2.306E+03 0.195     T2  9.35      4.60      27.3      17.0      91.9      0.00      5.09      0.00      0.00      0.00      0.00      0.00      0.00
  62 147  0  -1 D40550032F.-O.Denzler,   1995    23 62-SM-147(HE3,X)63-EU-148,,SIG  5.10     0.275      23.4     0.207     T2  31.7      87.3      14.8      11.3      34.5      0.00      5.10      0.00      0.00      0.00      0.00      0.00      0.00
  82 207  0  -1 R0053023 N.E.Scott, J.W  1968    10 82-PB-207(HE3,2N)84-PO-208,,SI  5.11     0.229      0.00     0.175     T2  4.78      16.3      0.00      17.8      31.0      0.00      5.11      0.00      0.00      0.00      0.00      0.00      0.00
  30  66  0  -1 R0041014 D.F.Crisler, H  1972     2 30-ZN-66(HE3,N+P)31-GA-67,,SIG  5.15     0.201      28.7     3.111E-02 T1  209.      659.      14.9      21.3      42.8      0.00      5.15      0.00      0.00      0.00      0.00      0.00      0.00
  29  65  0  -1 B0154003 E.Lebowitz, M.  1970     7 29-CU-65(HE3,2N)31-GA-66,,SIG,  5.18     0.458      186.     0.337     T3  110.      136.      6.60      7.90      21.4      0.00      5.18      0.00      0.00      0.00      0.00      0.00      0.00
  29  65  0  -1 B0154003 E.Lebowitz, M.  1970     7 29-CU-65(HE3,2N)31-GA-66,,SIG,  5.18     0.458      186.     0.309     T3  110.      136.      6.60      7.90      21.4      0.00      5.18      0.00      0.00      0.00      0.00      0.00      0.00
  41  93  0   1 A0583008 S.N.Kondratyev  1996     8 41-NB-93(HE3,3N)43-TC-93-M,,SI  5.21     0.214      14.9     0.161     T2  1.47      10.7      29.4      20.5      58.5      0.00      5.21      0.00      0.00      0.00      0.00      0.00      0.00
  41  93  0   1 A0583008 S.N.Kondratyev  1996     8 41-NB-93(HE3,3N)43-TC-93-M,,SI  5.21     0.214      14.9     0.165     T2  1.47      10.7      29.4      20.5      58.5      0.00      5.21      0.00      0.00      0.00      0.00      0.00      0.00
  22   0  0  -1 E2627004 M.U.Khandaker,  2019    12 22-TI-0(HE3,X)21-SC-48,,SIG     5.26     0.197      26.1     0.232     T2 0.338      1.75      24.6      16.0      54.8      0.00      5.26      0.00      0.00      0.00      0.00      0.00      0.00
  83 209  0  -1 C2442009 F.D.Becchetti,  1983     5 83-BI-209(HE3,F),,SIG           5.29     0.193      1.80     3.576E-07 T2 0.266      9.82      86.9      19.3      44.4      0.00      5.29      0.00      0.00      0.00      0.00      0.00      0.00
  41  93  0   1 O1039003 B.Strohmaier,   1997    26 41-NB-93(HE3,X)41-NB-92-M,IND,  5.35      5.13      514.     0.245     T2  16.9      3.70      20.2      11.2      35.0      0.00      5.35      0.00      0.00      0.00      0.00      0.00      0.00
  41  93  0   1 D41290022B.Strohmaier,M  1997    26 41-NB-93(HE3,X)41-NB-92-M,,SIG  5.36      5.15      517.     0.256     T2  16.9      3.70      20.2      11.2      35.0      0.00      5.36      0.00      0.00      0.00      0.00      0.00      0.00
  45 103  0   0 D4391004 B.M.Ali,M.Al-A  2018    11 45-RH-103(HE3,2N)47-AG-104-G,,  5.41     0.192      35.5     0.114     T2  15.4      91.8      14.1      12.4      26.3      0.00      5.41      0.00      0.00      0.00      0.00      0.00      0.00
  45 103  0   0 D4391004 B.M.Ali,M.Al-A  2018    11 45-RH-103(HE3,2N)47-AG-104-G,,  5.41     0.192      35.5     0.115     T2  15.4      91.8      14.1      12.4      26.3      0.00      5.41      0.00      0.00      0.00      0.00      0.00      0.00
  37   0  0   1 D4030009 F.Roesch, S.M.  1993    19 37-RB-0(HE3,X)39-Y-86-M,,SIG    5.44     0.223      90.4     0.156     T2  18.4      56.6      17.2      8.60      34.7      0.00      5.44      0.00      0.00      0.00      0.00      0.00      0.00
  30  66  0  -1 A0448017 Y.Nagame, H.Na  1989    11 30-ZN-66(HE3,2N)32-GE-67,,SIG   5.47     0.238      81.0     0.180     T2  18.7      49.0      7.94      8.30      36.7      0.00      5.47      0.00      0.00      0.00      0.00      0.00      0.00
  30  66  0  -1 A0448017 Y.Nagame, H.Na  1989    11 30-ZN-66(HE3,2N)32-GE-67,,SIG   5.47     0.238      81.0     0.187     T2  18.7      49.0      7.94      8.30      36.7      0.00      5.47      0.00      0.00      0.00      0.00      0.00      0.00
  46   0  0  -1 D4315009 M.Al-Abyad,F.T  2014    10 46-PD-0(HE3,X)48-CD-104,,SIG    5.48     0.310      38.0     0.161     T2  3.82      16.3      13.6      18.3      26.5      0.00      5.48      0.00      0.00      0.00      0.00      0.00      0.00
  27  59  0  -1 E1370007 Y.Nagame, Y.Na  1988    24 27-CO-59(HE3,2P)27-CO-60,,SIG   5.50     0.227      10.6     0.164     T2  19.1      68.8      22.4      10.4      38.2      0.00      5.50      0.00      0.00      0.00      0.00      0.00      0.00
  50   0  0  -1 D4338004 B.M.Ali,M.Al-A  2015    18 50-SN-0(HE3,X)52-TE-118,,SIG    5.52     0.216      23.7     0.138     T2  11.6      64.7      19.9      14.7      24.8      0.00      5.52      0.00      0.00      0.00      0.00      0.00      0.00
  32   0  0  -1 D0058006 A.Mushtaq, S.M  1990    37 32-GE-0(HE3,X)34-SE-72,,SIG     5.53     0.245      22.4     0.127     T2  7.69      37.2      16.6      13.0      35.9      0.00      5.53      0.00      0.00      0.00      0.00      0.00      0.00
  29  63  0  -1 T0120007 N.W.GOLCHERT,J  1970     5 29-CU-63(HE3,2P)29-CU-64,,SIG   5.57     0.187      64.5     6.480E-02 T2  23.3      105.      10.0      21.4      33.8      0.00      5.57      0.00      0.00      0.00      0.00      0.00      0.00
  30  66  0  -1 R0041014 D.F.Crisler, H  1972     4 30-ZN-66(HE3,N+P)31-GA-67,,SIG  5.59     0.194      27.9     0.157     T2  168.      659.      14.9      21.3      42.8      0.00      5.59      0.00      0.00      0.00      0.00      0.00      0.00
  27  59  0  -1 D06540071A.Pichard, J.M  2011     5 27-CO-59(HE3,X)27-CO-56,,SIG    5.60     0.263      24.1     0.112     T2  8.12      45.0      16.9      21.3      35.8      0.00      5.60      0.00      0.00      0.00      0.00      0.00      0.00
  22   0  0  -1 E2627005 M.U.Khandaker,  2019    13 22-TI-0(HE3,X)21-SC-47,,SIG     5.60     0.249      88.4     0.277     T2  2.40      7.60      8.26      8.70      54.8      0.00      5.60      0.00      0.00      0.00      0.00      0.00      0.00
  47   0  0   1 D4327004 F.Tarkanyi, S.  2015    14 47-AG-0(HE3,X)49-IN-110-M,,SIG  5.63     0.199      27.2     0.139     T2  3.74      18.7      18.1      10.4      26.6      0.00      5.63      0.00      0.00      0.00      0.00      0.00      0.00
  93 237  0  -1 D0371007 J.Aaltonen,V.D  1996     2 93-NP-237(HE3,N)95-AM-239,,SIG  5.67     0.177      1.90     2.086E-07 T2 1.229E-02  1.20      71.9      25.3      26.0      0.00      5.67      0.00      0.00      0.00      0.00      0.00      0.00
  93 237  0  -1 D0371007 J.Aaltonen,V.D  1996     2 93-NP-237(HE3,N)95-AM-239,,SIG  5.67     0.177      1.90     8.941E-08 T2 1.229E-02  1.20      71.9      25.3      26.0      0.00      5.67      0.00      0.00      0.00      0.00      0.00      0.00
  45 103  0   0 D4391011 B.M.Ali,M.Al-A  2018    10 45-RH-103(HE3,X)45-RH-101-G,CU  5.77     0.190      42.2     0.107     T2  1.95      12.1      13.0      14.2      26.3      0.00      5.77      0.00      0.00      0.00      0.00      0.00      0.00
  45 103  0   0 D4391011 B.M.Ali,M.Al-A  2018    10 45-RH-103(HE3,X)45-RH-101-G,CU  5.77     0.190      42.2     0.128     T1  1.95      12.1      13.0      14.2      26.3      0.00      5.77      0.00      0.00      0.00      0.00      0.00      0.00
  83 209  0  -1 D0493007 J.D.Stickler,   1974     3 83-BI-209(HE3,2N)85-AT-210,,SI  5.78     0.174      306.     4.973E-02 T2  6.14      35.3      14.1      24.7      34.4      0.00      5.78      0.00      0.00      0.00      0.00      0.00      0.00
  83 209  0  -1 D0493007 J.D.Stickler,   1974     3 83-BI-209(HE3,2N)85-AT-210,,SI  5.78     0.174      306.     4.972E-02 T2  6.14      35.3      14.1      24.7      34.4      0.00      5.78      0.00      0.00      0.00      0.00      0.00      0.00
  13  27  0  -1 D06540041A.Pichard, J.M  2011    21 13-AL-27(HE3,2P)13-AL-28,,SIG   5.79     0.263      62.3     0.301     T2  66.7      150.      8.65      4.20      34.6      0.00      5.79      0.00      0.00      0.00      0.00      0.00      0.00
  13  27  0  -1 D06540042A.Pichard, J.M  2011    10 13-AL-27(HE3,2P)13-AL-28,,SIG,  5.80     0.267      61.7     0.295     T2  69.0      153.      8.25      4.20      34.6      0.00      5.80      0.00      0.00      0.00      0.00      0.00      0.00
  30  68  0  -1 A0448021 Y.Nagame, H.Na  1989    19 30-ZN-68(HE3,3N)32-GE-68,,SIG   5.81     0.219      85.6     0.129     T2  53.7      197.      7.94      18.5      39.0      0.00      5.81      0.00      0.00      0.00      0.00      0.00      0.00
  30  68  0  -1 A0448021 Y.Nagame, H.Na  1989    19 30-ZN-68(HE3,3N)32-GE-68,,SIG   5.81     0.219      85.6     0.139     T2  53.7      197.      7.94      18.5      39.0      0.00      5.81      0.00      0.00      0.00      0.00      0.00      0.00
   5  10  0  -1 F0407004 J.R.Patterson,  1965    41 5-B-10(HE3,X)6-C-11,,SIG        5.84     0.173      7.59     7.493E-02 T1  21.1      118.      30.1      3.95      7.99      0.00      5.84      0.00      0.00      0.00      0.00      0.00      0.00
  48   0  0  -1 D4298004 B.M.Ali,M.Al-A  2014     6 48-CD-0(HE3,X)50-SN-111,,SIG    5.87     0.191      16.3     0.134     T2  11.4      58.2      20.3      18.1      26.4      0.00      5.87      0.00      0.00      0.00      0.00      0.00      0.00
   3   6  0  -1 F0026002 D.W.Barr,J.S.G  1965    16 3-LI-6(HE3,D)4-BE-7,,SIG        5.90     0.289      0.00     0.347     T2  105.      195.      0.00     0.409      2.41      0.00      12.3      1.10      0.00      0.00      0.00      0.00      0.00
  73 181  0  -1 R0053020 N.E.Scott, J.W  1968     8 73-TA-181(HE3,2N)75-RE-182,,SI  5.95     0.215      0.00     0.159     T2  3.07      8.05      0.00      14.0      31.2      0.00      5.95      0.00      0.00      0.00      0.00      0.00      0.00
  73 181  0  -1 R0053020 N.E.Scott, J.W  1968     8 73-TA-181(HE3,2N)75-RE-182,,SI  5.95     0.215      0.00     0.158     T2  3.07      8.05      0.00      14.0      31.2      0.00      5.95      0.00      0.00      0.00      0.00      0.00      0.00
  41  93  0  -1 A0583004 S.N.Kondratyev  1996    11 41-NB-93(HE3,N)43-TC-95,,SIG    5.96     0.285      74.9     0.151     T2  2.23      2.65      12.9      14.7      67.4      0.00      5.96      0.00      0.00      0.00      0.00      0.00      0.00
  41  93  0  -1 A0583004 S.N.Kondratyev  1996    11 41-NB-93(HE3,N)43-TC-95,,SIG    5.96     0.285      74.9     0.164     T2  2.23      2.65      12.9      14.7      67.4      0.00      5.96      0.00      0.00      0.00      0.00      0.00      0.00
  13  27  0  -1 F0207011 O.D.Brill'      1965    16 13-AL-27(HE3,2A)11-NA-22,,SIG   5.98     0.202      9.35     0.146     T2  6.63      21.7      25.0      6.49      29.3      0.00      5.98      0.00      0.00      0.00      0.00      0.00      0.00
  13  27  0  -1 F0207011 O.D.Brill'      1965    16 13-AL-27(HE3,2A)11-NA-22,,SIG   5.98     0.202      9.35     0.172     T2  6.63      21.7      25.0      6.49      29.3      0.00      5.98      0.00      0.00      0.00      0.00      0.00      0.00
  42   0  0  -1 A0176002 G.Comparetto,S  1980    20 42-MO-0(HE3,X)44-RU-94,,SIG     6.00     0.303      61.6     0.133     T2  2.83      14.6      10.0      12.1      34.2      0.00      6.00      0.00      0.00      0.00      0.00      0.00      0.00
  50   0  0   1 D4338013 B.M.Ali,M.Al-A  2015    20 50-SN-0(HE3,X)51-SB-118-M,,SIG  6.01      5.92     1.282E+03 0.194     T2  29.1      5.83      14.6      13.2      24.8      0.00      6.01      0.00      0.00      0.00      0.00      0.00      0.00
  34  77  0  -1 A01540058He Youfeng, S.  1982     9 34-SE-77(HE3,X)35-BR-78,,SIG    6.01     0.174      66.3     8.848E-02 T1  85.0      393.      10.0      10.4      34.2      0.00      6.01      0.00      0.00      0.00      0.00      0.00      0.00
  41  93  0   0 A0583025 S.N.Kondratyev  1996     3 41-NB-93(HE3,X)39-Y-87-G,IND,S  6.03     0.206      1.94     8.423E-02 T2 0.776      2.57      63.9      37.1      69.1      0.00      6.03      0.00      0.00      0.00      0.00      0.00      0.00
  24  52  0   0 C1766002 M.W.Greene,E.L  1970     1 24-CR-52(HE3,3N)26-FE-52-G,,SI  6.07      6.07     1.326E+03  0.00     T2  2.07     0.340      13.9      22.3      22.3      0.00      6.07      0.00      0.00      0.00      0.00      0.00      0.00
  27  59  0  -1 A0210002 R.Michel,M.Gal  1983    15 27-CO-59(HE3,N)29-CU-61,,SIG    6.09     0.221      9.00     0.169     T2  1.09      1.53      22.1      14.7      92.4      0.00      6.09      0.00      0.00      0.00      0.00      0.00      0.00
  27  59  0  -1 A0210002 R.Michel,M.Gal  1983    15 27-CO-59(HE3,N)29-CU-61,,SIG    6.09     0.221      9.00     0.183     T2  1.09      1.53      22.1      14.7      92.4      0.00      6.09      0.00      0.00      0.00      0.00      0.00      0.00
  13  27  0  -1 D06540042A.Pichard, J.M  2011     8 13-AL-27(HE3,2P)13-AL-28,,SIG,  6.11     0.281      54.4     0.229     T3  81.1      153.      8.25      4.20      34.6      0.00      6.11      0.00      0.00      0.00      0.00      0.00      0.00
  26  56  0  -1 C2320004 J.-P.Hazan,M.B  1965    25 26-FE-56(HE3,X)27-CO-57,,SIG    6.14     0.288      9.80     0.170     T1  232.      477.      20.0      5.70      29.3      0.00      6.14      0.00      0.00      0.00      0.00      0.00      0.00
  41  93  0   1 O1123006 C.Necheva, D.K  1998    11 41-NB-93(HE3,X)41-NB-92-M,IND,  6.15      2.35      864.     0.189     T2  9.75      2.04      13.9      4.50      19.5      0.00      6.15      0.00      0.00      0.00      0.00      0.00      0.00
  27  59  0  -1 D41580042A.Fenyvesi,F.T  2004     8 27-CO-59(HE3,2N)29-CU-60,,SIG,  6.15     0.339      14.9     0.246     T2  42.8      70.3      12.8      7.20      24.7      0.00      6.15      0.00      0.00      0.00      0.00      0.00      0.00
  27  59  0  -1 D41580042A.Fenyvesi,F.T  2004     8 27-CO-59(HE3,2N)29-CU-60,,SIG,  6.15     0.339      14.9     0.247     T2  42.8      70.3      12.8      7.20      24.7      0.00      6.15      0.00      0.00      0.00      0.00      0.00      0.00
  13  27  0  -1 D06540041A.Pichard, J.M  2011    16 13-AL-27(HE3,2P)13-AL-28,,SIG   6.15     0.281      53.3     0.223     T3  81.1      150.      8.65      4.20      34.6      0.00      6.15      0.00      0.00      0.00      0.00      0.00      0.00
  41  93  0   1 A0347018 H.H.Bissem,R.G  1980    13 41-NB-93(HE3,3N)43-TC-93-M,,SI  6.18     0.200      75.5     0.105     T2  2.01      12.9      10.0      15.8      42.8      0.00      6.18      0.00      0.00      0.00      0.00      0.00      0.00
  41  93  0   1 A0347018 H.H.Bissem,R.G  1980    13 41-NB-93(HE3,3N)43-TC-93-M,,SI  6.18     0.200      75.5     0.108     T2  2.01      12.9      10.0      15.8      42.8      0.00      6.18      0.00      0.00      0.00      0.00      0.00      0.00
  19  41  0  -1 C0720003 R.V.Carlson,P.  1967     8 19-K-41(HE3,G)21-SC-44,,SIG     6.19     0.186      49.5     7.259E-02 T2 1.168E-02 4.084E-02  11.7      6.90      31.2      0.00      6.19      0.00      0.00      0.00      0.00      0.00      0.00
  19  41  0   0 C07200022R.V.Carlson,P.  1967     8 19-K-41(HE3,G)21-SC-44-G,,SIG   6.21     0.199      26.5     7.735E-02 T2 9.631E-03 2.489E-02  24.6      1.60      31.2      0.00      6.21      0.00      0.00      0.00      0.00      0.00      0.00
  41  93  0   0 A0583003 S.N.Kondratyev  1996    11 41-NB-93(HE3,N)43-TC-95-G,,SIG  6.23     0.268      52.8     0.146     T2  1.80      2.28      14.9      14.7      69.1      0.00      6.23      0.00      0.00      0.00      0.00      0.00      0.00
  41  93  0   0 A0583003 S.N.Kondratyev  1996    11 41-NB-93(HE3,N)43-TC-95-G,,SIG  6.23     0.268      52.8     0.170     T2  1.80      2.28      14.9      14.7      69.1      0.00      6.23      0.00      0.00      0.00      0.00      0.00      0.00
  25  55  0  -1 B0178006 M.Watanabe, H.  1979    24 25-MN-55(HE3,X)25-MN-54,,SIG    6.23      3.64      0.00     0.222     T2  62.9      11.1      0.00      8.35      39.0      0.00      6.23      0.00      0.00      0.00      0.00      0.00      0.00
  47 109  0   0 E1370009 Y.Nagame, Y.Na  1988    11 47-AG-109(HE3,2N)49-IN-110-G,,  6.25     0.275      7.95     0.331     T2  7.45      25.2      22.4      10.8      37.4      0.00      6.25      0.00      0.00      0.00      0.00      0.00      0.00
  47 109  0   0 E1370009 Y.Nagame, Y.Na  1988    11 47-AG-109(HE3,2N)49-IN-110-G,,  6.25     0.275      7.95     0.332     T2  7.45      25.2      22.4      10.8      37.4      0.00      6.25      0.00      0.00      0.00      0.00      0.00      0.00
  29  63  0  -1 T0120006 N.W.GOLCHERT,J  1970     5 29-CU-63(HE3,2P)29-CU-64,,SIG   6.27     0.162      57.5     0.106     T2  16.2      90.7      11.0      24.6      33.7      0.00      6.27      0.00      0.00      0.00      0.00      0.00      0.00
   5  10  0  -1 A0270002 S.N.Abramovich  1985    12 5-B-10(HE3,N)7-N-12,,SIG        6.32      6.31     4.140E+03 0.105     T2  25.1      3.91      8.50      2.18      4.39      0.00      6.32      0.00      0.00      0.00      0.00      0.00      0.00
   5  10  0  -1 A0270002 S.N.Abramovich  1985    12 5-B-10(HE3,N)7-N-12,,SIG        6.32      6.31     4.140E+03 0.102     T3  25.1      3.91      8.50      2.18      4.39      0.00      6.32      0.00      0.00      0.00      0.00      0.00      0.00
  19  41  0  -1 C0720003 R.V.Carlson,P.  1967     8 19-K-41(HE3,G)21-SC-44,,SIG     6.35     0.181      50.4     0.118     T2 1.139E-02 4.084E-02  11.7      6.90      31.2      0.00      6.35      0.00      0.00      0.00      0.00      0.00      0.00
  19  41  0   0 C07200022R.V.Carlson,P.  1967     8 19-K-41(HE3,G)21-SC-44-G,,SIG   6.39     0.192      27.2     0.129     T2 9.355E-03 2.489E-02  24.6      1.60      31.2      0.00      6.39      0.00      0.00      0.00      0.00      0.00      0.00
   5  10  0  -1 P0082002 R.W.PETERSON,N  1963    45 5-B-10(HE3,N)7-N-12,,SIG        6.42      6.36      346.     8.830E-02 T2  31.9      4.65      30.0      1.50      6.28      0.00      6.42      0.00      0.00      0.00      0.00      0.00      0.00
   5  10  0  -1 P0082002 R.W.PETERSON,N  1963    45 5-B-10(HE3,N)7-N-12,,SIG        6.42      6.36      346.     8.779E-02 T3  31.9      4.65      30.0      1.50      6.28      0.00      6.42      0.00      0.00      0.00      0.00      0.00      0.00
  48   0  0  -1 D4010002 F.Szelecsenyi,  1991    16 48-CD-0(HE3,X)50-SN-110,,SIG    6.43     0.256      55.2     0.216     T2  3.85      25.5      10.8      16.4      26.4      0.00      6.43      0.00      0.00      0.00      0.00      0.00      0.00
   8  16  0  -1 F0207012 O.D.Brill'      1965    11 8-O-16(HE3,2A)6-C-11,,SIG       6.43     0.439      4.07     0.271     T2  30.8      37.2      25.0      11.2      29.0      0.00      6.43      0.00      0.00      0.00      0.00      0.00      0.00
  56 136  0  -1 C0082007 D.E.DiGregorio  1990    12 56-BA-136(HE3,2N)58-CE-137,,SI  6.44     0.164      19.9     0.127     T2  14.2      72.9      19.3      11.8      23.9      0.00      6.44      0.00      0.00      0.00      0.00      0.00      0.00
  56 136  0  -1 C0082007 D.E.DiGregorio  1990    12 56-BA-136(HE3,2N)58-CE-137,,SI  6.44     0.164      19.9     0.134     T2  14.2      72.9      19.3      11.8      23.9      0.00      6.44      0.00      0.00      0.00      0.00      0.00      0.00
  24  52  0  -1 C1766006 M.W.Greene,E.L  1970     2 24-CR-52(HE3,X)25-MN-52,,SIG    6.45      5.94     1.021E+04 5.817E-02 T3  133.      17.1      6.42      16.8      22.2      0.00      6.45      0.00      0.00      0.00      0.00      0.00      0.00
  42   0  0  -1 A0176003 G.Comparetto,S  1980    21 42-MO-0(HE3,X)44-RU-95,,SIG     6.47     0.239      67.0     0.121     T2  12.6      58.9      10.0      12.5      34.2      0.00      6.47      0.00      0.00      0.00      0.00      0.00      0.00
  41  93  0  -1 A0583034 S.N.Kondratyev  1996     3 41-NB-93(HE3,X)38-SR-83,CUM,SI  6.52     0.155      9.43     1.435E-02 T2 0.951      7.19      33.4      83.5      93.0      0.00      6.52      0.00      0.00      0.00      0.00      0.00      0.00
   5  10  0  -1 F0292002 N.W.Glass,R.W.  1963    57 5-B-10(HE3,N)7-N-12,,SIG        6.53      6.39      0.00     7.078E-02 T2  33.8      4.83      0.00      1.01      6.28      0.00      6.53      0.00      0.00      0.00      0.00      0.00      0.00
   5  10  0  -1 F0292002 N.W.Glass,R.W.  1963    57 5-B-10(HE3,N)7-N-12,,SIG        6.53      6.39      0.00     7.283E-02 T2  33.8      4.83      0.00      1.01      6.28      0.00      6.53      0.00      0.00      0.00      0.00      0.00      0.00
  22   0  0  -1 D4360004 F.Szelecsenyi,  2017    26 22-TI-0(HE3,X)21-SC-48,,SIG     6.56     0.153      46.1     7.330E-02 T2 0.404      2.52      13.0      19.6      68.4      0.00      6.56      0.00      0.00      0.00      0.00      0.00      0.00
  29  63  0  -1 A0347023 H.H.Bissem,R.G  1980    15 29-CU-63(HE3,2N)31-GA-64,,SIG   6.63     0.161      67.8     0.130     T2  7.76      38.5      10.0      12.6      35.0      0.00      6.63      0.00      0.00      0.00      0.00      0.00      0.00
  29  63  0  -1 A0347023 H.H.Bissem,R.G  1980    15 29-CU-63(HE3,2N)31-GA-64,,SIG   6.63     0.161      67.8     0.132     T2  7.76      38.5      10.0      12.6      35.0      0.00      6.63      0.00      0.00      0.00      0.00      0.00      0.00
  37   0  0   1 D4030007 F.Roesch, S.M.  1993    16 37-RB-0(HE3,X)39-Y-87-M,,SIG    6.64     0.209      27.3     8.115E-02 T2  17.8      103.      16.0      11.9      34.7      0.00      6.64      0.00      0.00      0.00      0.00      0.00      0.00
  51 123  0  -1 D4033002 CH.Wiktorsson,  1976     6 51-SB-123(HE3,3N)53-I-123,,SIG  6.67     0.152      0.00     8.261E-02 T2  24.2      149.      0.00      16.6      27.0      0.00      6.67      0.00      0.00      0.00      0.00      0.00      0.00
  51 123  0  -1 D4033002 CH.Wiktorsson,  1976     6 51-SB-123(HE3,3N)53-I-123,,SIG  6.67     0.152      0.00     8.744E-02 T2  24.2      149.      0.00      16.6      27.0      0.00      6.67      0.00      0.00      0.00      0.00      0.00      0.00
  27  59  0  -1 A0602012 S.N.KONDRATYEV  1998     9 27-CO-59(HE3,X)24-CR-51,CUM,SI  6.70     0.186      61.6     8.164E-02 T2  7.53      23.2      17.3      40.9      91.9      0.00      6.70      0.00      0.00      0.00      0.00      0.00      0.00
   6  12  0  -1 D06540021A.Pichard, J.M  2011    21 6-C-12(HE3,N)8-O-14,,SIG        6.72      6.01     2.900E+03 6.859E-02 T2  22.5      4.71      11.4      7.20      35.3      0.00      6.72      0.00      0.00      0.00      0.00      0.00      0.00
   6  12  0  -1 D06540021A.Pichard, J.M  2011    21 6-C-12(HE3,N)8-O-14,,SIG        6.72      6.01     2.900E+03 6.750E-02 T2  22.5      4.71      11.4      7.20      35.3      0.00      6.72      0.00      0.00      0.00      0.00      0.00      0.00
  47   0  0   1 E1963006 T.Omori, M.Yag  1980    11 47-AG-0(HE3,X)47-AG-106-M,,SIG  6.79     0.186      94.3     0.119     T2  4.94      32.9      8.00      13.8      37.6      0.00      6.79      0.00      0.00      0.00      0.00      0.00      0.00
  22   0  0  -1 D4112005 F.Ditroi,F.Tar  2000    48 22-TI-0(HE3,X)21-SC-46,,SIG     6.84     0.170      97.2     0.138     T2  4.74      25.9      8.96      4.30      35.8      0.00      6.84      0.00      0.00      0.00      0.00      0.00      0.00
  29  63  0  -1 T0120007 N.W.GOLCHERT,J  1970     7 29-CU-63(HE3,2P)29-CU-64,,SIG   6.90     0.153      69.6     6.480E-02 T2  18.9      105.      10.0      21.4      33.8      0.00      6.90      0.00      0.00      0.00      0.00      0.00      0.00
  27  59  0  -1 A0210017 R.Michel,M.Gal  1983     3 27-CO-59(HE3,X)21-SC-48,IND,SI  6.96     0.149      6.41     9.934E-08 T2 1.091E-02 0.103      42.6      113.      128.      0.00      6.96      0.00      0.00      0.00      0.00      0.00      0.00
  42   0  0  -1 A0176004 G.Comparetto,S  1980    21 42-MO-0(HE3,X)44-RU-97,,SIG     6.99     0.190      62.7     8.396E-02 T2  15.7      91.4      10.0      12.4      34.3      0.00      6.99      0.00      0.00      0.00      0.00      0.00      0.00
  28   0  0   0 D4011002 S.Takacs,F.Tar  1995     6 28-NI-0(HE3,X)25-MN-52-G,CUM,S  7.02     0.144      47.8     4.159E-02 T2 0.562      2.91      13.9      27.6      35.0      0.00      7.02      0.00      0.00      0.00      0.00      0.00      0.00
  21  45  0  -1 C0720004 R.V.Carlson,P.  1967     2 21-SC-45(HE3,G)23-V-48,,SIG     7.03     0.152      58.4     2.528E-02 T2 2.776E-03 1.344E-02  11.5      1.60      29.8      0.00      7.03      0.00      0.00      0.00      0.00      0.00      0.00
  78   0  0   1 D4281008 M.Al-Abyad,F.T  2013    12 78-PT-0(HE3,X)80-HG-197-M,,SIG  7.04     0.150      40.3     8.903E-02 T2 0.392      3.19      15.7      15.6      26.2      0.00      7.04      0.00      0.00      0.00      0.00      0.00      0.00
  41  93  0  -1 A0583007 S.N.Kondratyev  1996    16 41-NB-93(HE3,2N)43-TC-94,,SIG   7.06     0.154      76.3     7.871E-02 T2  9.46      33.2      12.9      14.7      93.0      0.00      7.06      0.00      0.00      0.00      0.00      0.00      0.00
  41  93  0  -1 A0583007 S.N.Kondratyev  1996    16 41-NB-93(HE3,2N)43-TC-94,,SIG   7.06     0.154      76.3     8.147E-02 T2  9.46      33.2      12.9      14.7      93.0      0.00      7.06      0.00      0.00      0.00      0.00      0.00      0.00
  58   0  0   1 D41970041K.Hilgers, S.S  2007    15 58-CE-0(HE3,X)60-ND-141-M,,SIG  7.10     0.143      10.2     2.860E-02 T2  12.1      86.4      28.9      18.3      34.2      0.00      7.10      0.00      0.00      0.00      0.00      0.00      0.00
  24  50  0  -1 B0138003 P.HORNSHOJ, L.  1977     6 24-CR-50(HE3,2N)26-FE-51,,SIG,  7.12     0.148      876.     0.130     T2 6.346E-02 0.335      14.4      11.7      14.4      0.00      7.12      0.00      0.00      0.00      0.00      0.00      0.00
  34   0  0  -1 A0154010 He Youfeng, S.  1982     9 34-SE-0(HE3,X)36-KR-76,,SIG     7.19     0.261      263.     0.160     T2  1.81      8.02      7.50      23.2      35.1      0.00      7.19      0.00      0.00      0.00      0.00      0.00      0.00
  79 197  0  -1 B0033003 F.HERMES, E.W.  1974     9 79-AU-197(HE3,3N)81-TL-197,,SI  7.20     0.152      0.00     0.121     T2  14.2      103.      0.00      21.6      52.4      0.00      7.20      0.00      0.00      0.00      0.00      0.00      0.00
  79 197  0  -1 B0033003 F.HERMES, E.W.  1974     9 79-AU-197(HE3,3N)81-TL-197,,SI  7.20     0.152      0.00     0.123     T2  14.2      103.      0.00      21.6      52.4      0.00      7.20      0.00      0.00      0.00      0.00      0.00      0.00
  36   0  0  -1 D4031003 F.Tarkanyi, S.  1990    14 36-KR-0(HE3,X)38-SR-83,,SIG     7.25     0.148      48.7     6.258E-02 T2  11.8      81.5      12.0      14.7      91.9      0.00      7.25      0.00      0.00      0.00      0.00      0.00      0.00
  41  93  0   1 O1123005 C.Necheva, D.K  1998    10 41-NB-93(HE3,X)42-MO-93-M,CUM,  7.32      4.08     2.409E+03 0.101     T2  17.5      4.10      15.2      7.90      19.5      0.00      7.32      0.00      0.00      0.00      0.00      0.00      0.00
  29   0  0  -1 A0606004 S.N.Kondratyev  1997    23 29-CU-0(HE3,X)27-CO-57,CUM,SIG  7.34     0.230      161.     0.186     T2  26.0      55.0      5.74      21.3      91.6      0.00      7.34      0.00      0.00      0.00      0.00      0.00      0.00
  36   0  0  -1 D4031002 F.Tarkanyi, S.  1990    14 36-KR-0(HE3,X)38-SR-82,,SIG     7.36     0.137      51.5     2.465E-02 T2  5.67      42.9      12.0      14.7      91.9      0.00      7.36      0.00      0.00      0.00      0.00      0.00      0.00
   6  12  0  -1 T0214002 D.R.F.Cochran,  1962    37 6-C-12(HE3,X)7-N-13,,SIG        7.39     0.248      3.94     0.140     T1  47.9      94.2     0.872      4.97      23.9      0.00      7.39      0.00      0.00      0.00      0.00      0.00      0.00
  37   0  0   1 A0284005 Y.Homma,M.Ishi  1980     7 37-RB-0(HE3,X)39-Y-85-M,,SIG    7.45      7.30      0.00     0.128     T2  28.6      3.49      0.00      16.5      37.3      0.00      7.45      0.00      0.00      0.00      0.00      0.00      0.00
  34   0  0  -1 A0154009 He Youfeng, S.  1982    17 34-SE-0(HE3,X)36-KR-77,,SIG     7.45     0.487     1.445E+05 0.130     T2  10.9      26.7      6.00      14.2      36.2      0.00      7.45      0.00      0.00      0.00      0.00      0.00      0.00
  34   0  0  -1 A0154008 He Youfeng, S.  1982    17 34-SE-0(HE3,X)36-KR-79,,SIG     7.46     0.255     8.544E+03 8.656E-02 T2  30.2      117.      7.50      14.4      36.0      0.00      7.46      0.00      0.00      0.00      0.00      0.00      0.00
  41  93  0   0 A0583019 S.N.Kondratyev  1996    23 41-NB-93(HE3,X)40-ZR-89-G,CUM,  7.48     0.175      51.3     0.108     T2  46.3      167.      11.0      31.8      93.0      0.00      7.48      0.00      0.00      0.00      0.00      0.00      0.00
  50   0  0   1 D4338014 B.M.Ali,M.Al-A  2015    20 50-SN-0(HE3,X)51-SB-120-M,,SIG  7.51      7.18     2.697E+03 0.103     T2  37.4      7.16      15.1      13.2      24.8      0.00      7.51      0.00      0.00      0.00      0.00      0.00      0.00
  33  75  0  -1 A0232003 Z.B.Alfassi,R.  1982    50 33-AS-75(HE3,3N)35-BR-75,,SIG   7.59     0.154      48.1     5.374E-02 T2  25.3      153.      13.1      15.2      61.7      0.00      7.59      0.00      0.00      0.00      0.00      0.00      0.00
  33  75  0  -1 A0232003 Z.B.Alfassi,R.  1982    50 33-AS-75(HE3,3N)35-BR-75,,SIG   7.59     0.154      48.1     5.764E-02 T2  25.3      153.      13.1      15.2      61.7      0.00      7.59      0.00      0.00      0.00      0.00      0.00      0.00
  75 187  0  -1 D0493013 J.D.Stickler,   1974     6 75-RE-187(HE3,3N)77-IR-187,,SI  7.64     0.136      18.0     7.575E-02 T2  15.6      137.      20.4      28.5      47.9      0.00      7.64      0.00      0.00      0.00      0.00      0.00      0.00
  75 187  0  -1 D0493013 J.D.Stickler,   1974     6 75-RE-187(HE3,3N)77-IR-187,,SI  7.64     0.136      18.0     7.774E-02 T2  15.6      137.      20.4      28.5      47.9      0.00      7.64      0.00      0.00      0.00      0.00      0.00      0.00
  73 181  0  -1 C2442007 F.D.Becchetti,  1983     1 73-TA-181(HE3,F),,SIG           7.64     0.131      3.57     1.907E-07 T2 1.288E-03 4.368E-03  64.2      24.7      44.3      0.00      7.64      0.00      0.00      0.00      0.00      0.00      0.00
  29  63  0  -1 T0120006 N.W.GOLCHERT,J  1970     8 29-CU-63(HE3,2P)29-CU-64,,SIG   7.70     0.133      61.2     0.106     T2  13.1      90.7      11.0      24.6      33.7      0.00      7.70      0.00      0.00      0.00      0.00      0.00      0.00
  44 102  0   1 D5048006 Ye.Skakun, S.M  2007     9 44-RU-102(HE3,X)45-RH-101-M,CU  7.74      5.13     7.818E+03 0.152     T3  337.      167.      12.4      19.3      33.5      0.00      7.74      0.00      0.00      0.00      0.00      0.00      0.00
  50   0  0   0 D4338006 B.M.Ali,M.Al-A  2015    22 50-SN-0(HE3,X)52-TE-119-G,,SIG  7.87     0.131      46.6     5.739E-02 T2  4.32      31.3      13.1      11.6      24.8      0.00      7.87      0.00      0.00      0.00      0.00      0.00      0.00
  30  64  0  -1 R0041003 D.F.Crisler, H  1972     4 30-ZN-64(HE3,A)30-ZN-63,,SIG    8.04      6.96     6.220E+03 0.171     T3  366.      56.8      13.7      21.3      42.8      0.00      8.04      0.00      0.00      0.00      0.00      0.00      0.00
  58   0  0  -1 O1352005 K.Hilgers, Yu.  2005    15 58-CE-0(HE3,X)58-CE-139,CUM,SI  8.11     0.334      51.1     0.184     T2  7.68      85.5      15.5      16.5      35.0      0.00      8.11      0.00      0.00      0.00      0.00      0.00      0.00
  50   0  0   1 D4338009 B.M.Ali,M.Al-A  2015    10 50-SN-0(HE3,X)52-TE-123-M,,SIG  8.14     0.132      41.6     8.797E-02 T2 0.566      5.26      14.0      13.2      24.4      0.00      8.14      0.00      0.00      0.00      0.00      0.00      0.00
  13  27  0  -1 T0214004 D.R.F.Cochran,  1962    32 13-AL-27(HE3,X)11-NA-22,,SIG    8.19     0.169      0.00     0.217     T2  5.40      15.3      0.00      7.40      24.2      0.00      8.19      0.00      0.00      0.00      0.00      0.00      0.00
  83 209  0  -1 R0053006 N.E.Scott, J.W  1968     6 83-BI-209(HE3,X)84-PO-210,,SIG  8.23     0.124      0.00     3.644E-02 T2  14.0      111.      0.00      24.7      34.7      0.00      8.23      0.00      0.00      0.00      0.00      0.00      0.00
  44 101  0   1 D5048004 Ye.Skakun, S.M  2007    14 44-RU-101(HE3,X)45-RH-102-M,,S  8.25     0.127      72.7     5.129E-02 T2  12.6      92.2      10.2      12.0      33.7      0.00      8.25      0.00      0.00      0.00      0.00      0.00      0.00
  37   0  0   1 D4030011 F.Roesch, S.M.  1993    15 37-RB-0(HE3,X)39-Y-85-M,,SIG    8.25     0.137      11.3     3.778E-02 T2  29.3      172.      26.1      10.8      34.7      0.00      8.25      0.00      0.00      0.00      0.00      0.00      0.00
  51   0  0  -1 A02380034I.A.Watson, S.  1973     9 51-SB-0(HE3,X)53-I-124,,SIG     8.33     0.154      31.0     0.269     T2  6.29      33.1      14.0      12.4      25.8      0.00      8.33      0.00      0.00      0.00      0.00      0.00      0.00
  22   0  0  -1 A0169008 R.Weinreich,H.  1980    25 22-TI-0(HE3,X)24-CR-51,,SIG     8.34     0.342      33.8     0.129     T2  6.67      6.25      8.75      9.70      135.      0.00      8.34      0.00      0.00      0.00      0.00      0.00      0.00
  41  93  0   1 A0583024 S.N.Kondratyev  1996     8 41-NB-93(HE3,X)39-Y-87-M,IND,S  8.40     0.197      14.2     0.110     T2  4.37      20.1      51.1      42.8      93.0      0.00      8.40      0.00      0.00      0.00      0.00      0.00      0.00
  19  41  0   1 C07200021R.V.Carlson,P.  1967     7 19-K-41(HE3,G)21-SC-44-M,,SIG   8.46     0.121      37.6     2.727E-02 T2 2.223E-03 1.513E-02  15.2      6.90      31.2      0.00      8.46      0.00      0.00      0.00      0.00      0.00      0.00
  90 232  0  -1 F1466002 M.N.German,V.A  2022    11 90-TH-232(HE3,X)91-PA-230,,SIG  8.49      7.57     3.155E+03 0.180     T2  171.      27.5      22.1      39.5      57.1      0.00      8.49      0.00      0.00      0.00      0.00      0.00      0.00
  37   0  0   0 D4030010 F.Roesch, S.M.  1993    15 37-RB-0(HE3,X)39-Y-85-G,,SIG    8.51     0.175      19.8     5.742E-02 T2  6.95      46.5      20.2      11.9      34.7      0.00      8.51      0.00      0.00      0.00      0.00      0.00      0.00
  19  41  0   1 C07200021R.V.Carlson,P.  1967     7 19-K-41(HE3,G)21-SC-44-M,,SIG   8.54     0.120      37.7     6.126E-02 T2 2.210E-03 1.513E-02  15.2      6.90      31.2      0.00      8.54      0.00      0.00      0.00      0.00      0.00      0.00
  83 209  0  -1 D4017004 Z.Szucs, F.Sze  1994    18 83-BI-209(HE3,2N)85-AT-210,,SI  8.55     0.142      27.5     0.157     T2  3.41      12.8      15.9      14.9      27.5      0.00      8.55      0.00      0.00      0.00      0.00      0.00      0.00
  21  45  0  -1 C0720004 R.V.Carlson,P.  1967     3 21-SC-45(HE3,G)23-V-48,,SIG     8.67     0.123      62.8     2.574E-02 T2 2.312E-03 1.344E-02  11.5      1.60      29.8      0.00      8.67      0.00      0.00      0.00      0.00      0.00      0.00
  79 197  0  -1 C0444002 Th.Rubehn,K.X.  1996    23 79-AU-197(HE3,F),,SIG           8.70     0.156      15.0     0.116     T2  15.6      38.0      20.3      21.0      135.      0.00      8.70      0.00      0.00      0.00      0.00      0.00      0.00
  36  83  0  -1 F1435003 V.A.Zagryadski  2019     7 36-KR-83(HE3,4N)38-SR-82,,SIG   8.75     0.118      23.4     3.996E-02 T2  12.5      112.      19.2      33.0      75.0      0.00      8.75      0.00      0.00      0.00      0.00      0.00      0.00
  47   0  0  -1 D4395011 F.Tarkanyi,F.D  2018    13 47-AG-0(HE3,X)49-IN-109,,SIG    8.76     0.161      45.5     9.167E-02 T2  9.87      128.      16.3      11.9      26.6      0.00      8.76      0.00      0.00      0.00      0.00      0.00      0.00
  92 236  0  -1 O1354002 J.Aaltonen, P.  2003     6 92-U-236(HE3,X)93-NP-234,,SIG   8.85      8.75     5.603E+03  0.00     T2  16.7      1.95      13.2      42.3      59.4      0.00      8.85      0.00      0.00      0.00      0.00      0.00      0.00
  78 194  0   1 D07370041N.K.Skobelev,   2014     2 78-PT-194(HE3,2N)80-HG-195-M,,  8.85     0.113     2.514E+03  0.00     T2  3.93      35.4      2.13      22.3      24.1      0.00      8.85      0.00      0.00      0.00      0.00      0.00      0.00
  78 194  0   1 D07370041N.K.Skobelev,   2014     2 78-PT-194(HE3,2N)80-HG-195-M,,  8.85     0.113     2.514E+03 5.960E-08 T2  3.93      35.4      2.13      22.3      24.1      0.00      8.85      0.00      0.00      0.00      0.00      0.00      0.00
  29  65  0  -1 A0347010 H.H.Bissem,R.G  1980     2 29-CU-65(HE3,2A)27-CO-60,,SIG   8.87     0.126      113.     0.120     T2 0.264      2.34      8.00      20.0      24.3      0.00      8.87      0.00      0.00      0.00      0.00      0.00      0.00
  41  93  0   0 A0583016 S.N.Kondratyev  1996    13 41-NB-93(HE3,X)41-NB-89-G,CUM,  8.91     0.254      19.8     0.135     T2  89.5      94.1      18.6      26.8      93.0      0.00      8.91      0.00      0.00      0.00      0.00      0.00      0.00
  51 123  0  -1 D4216002 F.Tarkanyi,S.T  2009    57 51-SB-123(HE3,2N)53-I-124,,SIG  8.92     0.128      74.8     0.161     T2  13.6      90.2      12.8      10.5      27.2      0.00      8.92      0.00      0.00      0.00      0.00      0.00      0.00
  51 123  0  -1 D4216002 F.Tarkanyi,S.T  2009    57 51-SB-123(HE3,2N)53-I-124,,SIG  8.92     0.128      74.8     0.165     T2  13.6      90.2      12.8      10.5      27.2      0.00      8.92      0.00      0.00      0.00      0.00      0.00      0.00
  74 183  0  -1 R0053013 N.E.Scott, J.W  1968     1 74-W-183(HE3,X)75-RE-184,,SIG   9.01     0.111      0.00     1.192E-07 T2  11.2      101.      0.00      31.6      31.6      0.00      9.01      0.00      0.00      0.00      0.00      0.00      0.00
  34  76  0  -1 A01540026He Youfeng, S.  1982    12 34-SE-76(HE3,3N)36-KR-76,,SIG   9.01     0.202      506.     8.867E-02 T2  17.0      95.4      7.50      21.7      35.0      0.00      9.01      0.00      0.00      0.00      0.00      0.00      0.00
  34  76  0  -1 A01540026He Youfeng, S.  1982    12 34-SE-76(HE3,3N)36-KR-76,,SIG   9.01     0.202      506.     8.962E-02 T2  17.0      95.4      7.50      21.7      35.0      0.00      9.01      0.00      0.00      0.00      0.00      0.00      0.00
  26   0  0  -1 C2345013 C.B.Fulmer,I.R  1972     6 26-FE-0(HE3,X)25-MN-56,,SIG     9.01     0.121      0.00     6.258E-02 T2 0.439      3.38      0.00      24.6      69.4      0.00      9.01      0.00      0.00      0.00      0.00      0.00      0.00
  41  93  0  -1 A0583010 S.N.Kondratyev  1996    16 41-NB-93(HE3,3N)43-TC-93,,SIG   9.02     0.115      143.     3.335E-02 T2  7.79      83.0      8.30      14.7      93.0      0.00      9.02      0.00      0.00      0.00      0.00      0.00      0.00
  41  93  0  -1 A0583010 S.N.Kondratyev  1996    16 41-NB-93(HE3,3N)43-TC-93,,SIG   9.02     0.115      143.     3.401E-02 T2  7.79      83.0      8.30      14.7      93.0      0.00      9.02      0.00      0.00      0.00      0.00      0.00      0.00
  67 165  0  -1 E08280292T.Motobayashi,  1984     1 67-HO-165(HE3,X)1-H-2,,SIG      9.12     0.110      0.00     2.384E-07 T2  32.9      300.      0.00      100.      100.      0.00      9.12      0.00      0.00      0.00      0.00      0.00      0.00
  29  65  0  -1 T0120025 N.W.GOLCHERT,J  1970    20 29-CU-65(HE3,X)28-NI-63,CUM,SI  9.13     0.114      8.63     1.738E-02 T2  3.59      34.0      30.0      20.9      69.4      0.00      9.13      0.00      0.00      0.00      0.00      0.00      0.00
  29   0  0  -1 A0606006 S.N.Kondratyev  1997    25 29-CU-0(HE3,X)27-CO-60,,SIG     9.20     0.169      120.     0.130     T2  5.45      11.0      6.62      14.0      91.6      0.00      9.20      0.00      0.00      0.00      0.00      0.00      0.00
  50   0  0   1 D4338011 B.M.Ali,M.Al-A  2015     8 50-SN-0(HE3,X)51-SB-116-M,,SIG  9.21      9.12      514.      0.00     T2  27.0      3.15      40.2      21.1      24.8      0.00      9.21      0.00      0.00      0.00      0.00      0.00      0.00
  48   0  0   0 D4298016 B.M.Ali,M.Al-A  2014     6 48-CD-0(HE3,X)49-IN-110-G,,SIG  9.26      7.33     1.828E+03 0.103     T2  33.5      9.23      22.3      18.1      26.4      0.00      9.26      0.00      0.00      0.00      0.00      0.00      0.00
  48   0  0  -1 D4298005 B.M.Ali,M.Al-A  2014     6 48-CD-0(HE3,X)50-SN-110,,SIG    9.29     0.158      46.8     0.135     T2  4.33      38.7      11.7      18.1      26.4      0.00      9.29      0.00      0.00      0.00      0.00      0.00      0.00
  78   0  0   2 D41720061S.Sudar, S.M.Q  2006    17 78-PT-0(HE3,X)79-AU-196-M2,,SI  9.34      8.32     9.101E+03 9.416E-02 T2  20.2      3.83      12.5      18.1      34.9      0.00      9.34      0.00      0.00      0.00      0.00      0.00      0.00
  78   0  0   0 D4281004 M.Al-Abyad,F.T  2013     8 78-PT-0(HE3,X)80-HG-193-G,,SIG  9.35     0.118      18.8     2.886E-02 T2 2.547E-02 0.278      30.9      19.0      26.2      0.00      9.35      0.00      0.00      0.00      0.00      0.00      0.00
  33  75  0   0 A0253008 A.M.J.Paans,J.  1980    10 33-AS-75(HE3,2N)35-BR-76-G,,SI  9.35     0.145      61.7     9.707E-02 T2  33.4      114.      10.0      9.10      37.0      0.00      9.35      0.00      0.00      0.00      0.00      0.00      0.00
  33  75  0   0 A0253008 A.M.J.Paans,J.  1980    10 33-AS-75(HE3,2N)35-BR-76-G,,SI  9.35     0.145      61.7     0.112     T3  33.4      114.      10.0      9.10      37.0      0.00      9.35      0.00      0.00      0.00      0.00      0.00      0.00
  25  55  0   0 B0178005 M.Watanabe, H.  1979    20 25-MN-55(HE3,X)25-MN-52-G,CUM,  9.41     0.142      0.00     6.504E-02 T2  2.85      23.7      0.00      19.2      38.6      0.00      9.41      0.00      0.00      0.00      0.00      0.00      0.00
  78   0  0   0 D4281013 M.Al-Abyad,F.T  2013    11 78-PT-0(HE3,X)79-AU-193-G,CUM,  9.42     0.265      25.1     0.157     T2  3.86      2.39      16.4      15.6      26.2      0.00      9.42      0.00      0.00      0.00      0.00      0.00      0.00
  44 101  0   0 D5048005 Ye.Skakun, S.M  2007    14 44-RU-101(HE3,X)45-RH-102-G,,S  9.53     0.108      61.1     2.159E-02 T2  16.9      134.      11.4      12.0      33.7      0.00      9.53      0.00      0.00      0.00      0.00      0.00      0.00
  41  93  0  -1 A0347019 H.H.Bissem,R.G  1980    13 41-NB-93(HE3,3N)43-TC-93,,SIG   9.57     0.130      78.8     3.081E-02 T2  19.8      186.      10.0      15.8      42.8      0.00      9.57      0.00      0.00      0.00      0.00      0.00      0.00
  41  93  0  -1 A0347019 H.H.Bissem,R.G  1980    13 41-NB-93(HE3,3N)43-TC-93,,SIG   9.57     0.130      78.8     3.185E-02 T2  19.8      186.      10.0      15.8      42.8      0.00      9.57      0.00      0.00      0.00      0.00      0.00      0.00
  41  93  0  -1 O13380031L.T.Auler, A.G  1981    18 41-NB-93(HE3,3N)43-TC-93,,SIG   9.58     0.117     1.166E+04 3.002E-02 T2  22.6      203.      1.08      16.4      35.1      0.00      9.58      0.00      0.00      0.00      0.00      0.00      0.00
  41  93  0  -1 O13380031L.T.Auler, A.G  1981    18 41-NB-93(HE3,3N)43-TC-93,,SIG   9.58     0.117     1.166E+04 3.008E-02 T2  22.6      203.      1.08      16.4      35.1      0.00      9.58      0.00      0.00      0.00      0.00      0.00      0.00
  22   0  0  -1 D4112007 F.Ditroi,F.Tar  2000     8 22-TI-0(HE3,X)21-SC-48,,SIG     9.63     0.105      69.7     1.416E-07 T2 5.753E-02 0.559      10.7      21.6      26.8      0.00      9.63      0.00      0.00      0.00      0.00      0.00      0.00
  41  93  0   0 A0583009 S.N.Kondratyev  1996    15 41-NB-93(HE3,3N)43-TC-93-G,,SI  9.64     0.107      132.     2.802E-02 T2  7.18      81.8      12.2      20.5      93.0      0.00      9.64      0.00      0.00      0.00      0.00      0.00      0.00
  41  93  0   0 A0583009 S.N.Kondratyev  1996    15 41-NB-93(HE3,3N)43-TC-93-G,,SI  9.64     0.107      132.     2.900E-02 T2  7.18      81.8      12.2      20.5      93.0      0.00      9.64      0.00      0.00      0.00      0.00      0.00      0.00
  51   0  0  -1 D41710021K.F.Hassan,S.M  2006    27 51-SB-0(HE3,X)53-I-124,,SIG     9.66     0.114      49.9     3.421E-02 T2  5.04      34.6      13.1      7.00      35.4      0.00      9.66      0.00      0.00      0.00      0.00      0.00      0.00
  41  93  0   1 D4014002 M.Fassbender,A  1994    30 41-NB-93(HE3,3N)43-TC-93-M,,SI  9.67     0.118      44.8     7.298E-02 T2  2.33      23.5      14.6      16.1      35.0      0.00      9.67      0.00      0.00      0.00      0.00      0.00      0.00
  41  93  0   1 D4014002 M.Fassbender,A  1994    30 41-NB-93(HE3,3N)43-TC-93-M,,SI  9.67     0.118      44.8     7.073E-02 T2  2.33      23.5      14.6      16.1      35.0      0.00      9.67      0.00      0.00      0.00      0.00      0.00      0.00
  47 107  0  -1 A0319004 P.Misaelides,H  1980    20 47-AG-107(HE3,3N)49-IN-107,,SI  9.68     0.112      40.0     4.581E-02 T2  9.47      104.      14.0      15.3      40.5      0.00      9.68      0.00      0.00      0.00      0.00      0.00      0.00
  48   0  0   1 D4010004 F.Szelecsenyi,  1991     8 48-CD-0(HE3,X)50-SN-113-M,,SIG  9.79     0.106      74.4     6.248E-02 T2  11.3      109.      10.5      16.7      26.1      0.00      9.79      0.00      0.00      0.00      0.00      0.00      0.00
  41  93  0   0 A0347017 H.H.Bissem,R.G  1980    13 41-NB-93(HE3,3N)43-TC-93-G,,SI  10.0     0.125      79.2     6.705E-02 T2  17.8      174.      10.0      15.8      42.8      0.00      10.0      0.00      0.00      0.00      0.00      0.00      0.00
  41  93  0   0 A0347017 H.H.Bissem,R.G  1980    13 41-NB-93(HE3,3N)43-TC-93-G,,SI  10.0     0.125      79.2     6.817E-02 T2  17.8      174.      10.0      15.8      42.8      0.00      10.0      0.00      0.00      0.00      0.00      0.00      0.00
  27  59  0  -1 A0210015 R.Michel,M.Gal  1983     5 27-CO-59(HE3,X)24-CR-48,,SIG    10.1      10.1     2.068E+03  0.00     T2  1.26     0.130      21.1      99.6      128.      0.00      10.1      0.00      0.00      0.00      0.00      0.00      0.00
  73 181  0  -1 B0033008 F.HERMES, E.W.  1974     7 73-TA-181(HE3,3N)75-RE-181,,SI  10.2     0.103      0.00     3.376E-02 T2  10.5      111.      0.00      18.0      54.3      0.00      10.2      0.00      0.00      0.00      0.00      0.00      0.00
  73 181  0  -1 B0033008 F.HERMES, E.W.  1974     7 73-TA-181(HE3,3N)75-RE-181,,SI  10.2     0.103      0.00     3.373E-02 T2  10.5      111.      0.00      18.0      54.3      0.00      10.2      0.00      0.00      0.00      0.00      0.00      0.00
  47 109  0  -1 D4327003 F.Tarkanyi, S.  2015    12 47-AG-109(HE3,3N)49-IN-109,,SI  10.2     9.912E-02  220.     1.375E-07 T2  14.0      135.      8.04      11.9      26.6      0.00      10.2      0.00      0.00      0.00      0.00      0.00      0.00
  47 109  0  -1 D4327003 F.Tarkanyi, S.  2015    12 47-AG-109(HE3,3N)49-IN-109,,SI  10.2     9.912E-02  220.     1.192E-07 T2  14.0      135.      8.04      11.9      26.6      0.00      10.2      0.00      0.00      0.00      0.00      0.00      0.00
  22   0  0  -1 A0169013 R.Weinreich,H.  1980    50 22-TI-0(HE3,X)21-SC-48,,SIG     10.3     0.110      6.38     5.484E-02 T2 0.318      2.38     0.960      4.60      134.      0.00      10.3      0.00      0.00      0.00      0.00      0.00      0.00
  73 181  0  -1 B0033009 F.HERMES, E.W.  1974     9 73-TA-181(HE3,4N)75-RE-180,,SI  10.7     0.102      0.00     8.397E-02 T2  19.4      231.      0.00      29.7      63.3      0.00      10.7      0.00      0.00      0.00      0.00      0.00      0.00
  41  93  0   0 A0583029 S.N.Kondratyev  1996    11 41-NB-93(HE3,X)39-Y-86-G,IND,S  10.7     0.242      5.15     0.156     T2  4.49      5.40      40.5      42.8      93.0      0.00      10.7      0.00      0.00      0.00      0.00      0.00      0.00
  34  77  0  -1 A01540047He Youfeng, S.  1982    11 34-SE-77(HE3,3N)36-KR-77,,SIG   10.7     0.261     9.209E+03 6.209E-02 T2  34.5      215.      7.50      18.1      35.7      0.00      10.7      0.00      0.00      0.00      0.00      0.00      0.00
  75 185  0   0 R0053008 N.E.Scott, J.W  1968     2 75-RE-185(HE3,A)75-RE-184-G,,S  11.1     9.502E-02  0.00     1.391E-07 T2  1.26      16.0      0.00      17.3      30.6      0.00      11.1      0.00      0.00      0.00      0.00      0.00      0.00
  27  59  0  -1 A0210019 R.Michel,M.Gal  1983     7 27-CO-59(HE3,X)21-SC-46,,SIG    11.1     9.471E-02  86.1     3.224E-02 T2 0.136     0.873      16.0      78.0      128.      0.00      11.1      0.00      0.00      0.00      0.00      0.00      0.00
  41  93  0  -1 A0583023 S.N.Kondratyev  1996    11 41-NB-93(HE3,X)39-Y-88,IND,SIG  11.2     0.135      20.5     0.111     T2  2.08      9.64      23.5      22.7      90.7      0.00      11.2      0.00      0.00      0.00      0.00      0.00      0.00
  83 209  0  -1 C0444004 Th.Rubehn,K.X.  1996    24 83-BI-209(HE3,F),,SIG           11.3     0.135      15.0     0.119     T2  67.2      165.      20.1      21.0      135.      0.00      11.3      0.00      0.00      0.00      0.00      0.00      0.00
  44 101  0  -1 D5057006 Ye.Skakun, S.M  2008    17 44-RU-101(HE3,3N)46-PD-101,,SI  11.4     0.118      143.     6.089E-02 T2  31.8      348.      10.2      12.0      33.7      0.00      11.4      0.00      0.00      0.00      0.00      0.00      0.00
  44 101  0  -1 D5057006 Ye.Skakun, S.M  2008    17 44-RU-101(HE3,3N)46-PD-101,,SI  11.4     0.118      143.     6.266E-02 T2  31.8      348.      10.2      12.0      33.7      0.00      11.4      0.00      0.00      0.00      0.00      0.00      0.00
  37   0  0   1 A0284002 Y.Homma,M.Ishi  1980     8 37-RB-0(HE3,X)39-Y-86-M,,SIG    11.4     9.682E-02  0.00     6.933E-02 T2  16.5      144.      0.00      11.9      37.2      0.00      11.4      0.00      0.00      0.00      0.00      0.00      0.00
  45 103  0  -1 D4391010 B.M.Ali,M.Al-A  2018     9 45-RH-103(HE3,3N)47-AG-103,,SI  11.5     0.109      48.9     8.695E-02 T2  22.2      300.      12.1      15.8      26.3      0.00      11.5      0.00      0.00      0.00      0.00      0.00      0.00
  45 103  0  -1 D4391010 B.M.Ali,M.Al-A  2018     9 45-RH-103(HE3,3N)47-AG-103,,SI  11.5     0.109      48.9     9.031E-02 T2  22.2      300.      12.1      15.8      26.3      0.00      11.5      0.00      0.00      0.00      0.00      0.00      0.00
  74 186  0  -1 F1470003 A.N.Moiseeva,R  2021     2 74-W-186(HE3,X)75-RE-183,,SIG   11.6      11.6     2.810E+03  0.00     T2  155.      13.8      20.0      37.7      43.8      0.00      11.6      0.00      0.00      0.00      0.00      0.00      0.00
  47 107  0   1 A0319008MP.Misaelides,H  1980     5 47-AG-107(HE3,X)47-AG-104-M,,S  11.6     8.876E-02  15.2     2.265E-07 T2  1.43      16.7      25.1      27.6      39.7      0.00      11.6      0.00      0.00      0.00      0.00      0.00      0.00
  29  63  0  -1 T0120015 N.W.GOLCHERT,J  1970    20 29-CU-63(HE3,X)27-CO-57,,SIG    11.7     8.933E-02  67.2     1.573E-02 T2  1.18      11.9      11.0      11.8      33.8      0.00      11.7      0.00      0.00      0.00      0.00      0.00      0.00
   4   9  0  -1 A0165004 S.N.Abramovich  1982     8 4-BE-9(HE3,X)4-BE-7,,SIG        11.7     8.875E-02  99.6     1.267E-07 T2  14.3      129.      9.84      1.89      7.95      0.00      11.7      0.00      0.00      0.00      0.00      0.00      0.00
   4   9  0  -1 A0165004 S.N.Abramovich  1982     8 4-BE-9(HE3,X)4-BE-7,,SIG        11.7     8.875E-02  99.6     1.192E-07 T2  14.3      129.      9.84      1.89      7.95      0.00      11.7      0.00      0.00      0.00      0.00      0.00      0.00
  74 186  0   0 F1470005 A.N.Moiseeva,R  2021     3 74-W-186(HE3,X)75-RE-184-G,,SI  11.8      11.3     4.136E+03  0.00     T3  243.      25.2      20.0      30.9      43.8      0.00      11.8      0.00      0.00      0.00      0.00      0.00      0.00
  78   0  0   1 D41720041S.Sudar, S.M.Q  2006    18 78-PT-0(HE3,X)80-HG-197-M,,SIG  11.9     9.842E-02  72.0     0.114     T2  1.00      17.8      10.5      18.1      34.9      0.00      11.9      0.00      0.00      0.00      0.00      0.00      0.00
  83 209  0  -1 E1370014 Y.Nagame, Y.Na  1988    10 83-BI-209(HE3,3N)85-AT-209,,SI  12.0     0.100      14.8     8.684E-02 T2  18.2      178.      22.4      21.3      37.6      0.00      12.0      0.00      0.00      0.00      0.00      0.00      0.00
  83 209  0  -1 E1370014 Y.Nagame, Y.Na  1988    10 83-BI-209(HE3,3N)85-AT-209,,SI  12.0     0.100      14.8     8.895E-02 T2  18.2      178.      22.4      21.3      37.6      0.00      12.0      0.00      0.00      0.00      0.00      0.00      0.00
  78   0  0   2 D07370121N.K.Skobelev,   2014     1 78-PT-0(HE3,X)79-AU-196-M2,,SI  12.0      12.0     1.464E+04  0.00     T2  2.48     0.206      9.09      19.6      19.6      0.00      12.0      0.00      0.00      0.00      0.00      0.00      0.00
  75 187  0  -1 D0493014 J.D.Stickler,   1974     8 75-RE-187(HE3,4N)77-IR-186,,SI  12.1     9.764E-02  17.2     8.903E-02 T2  17.8      249.      21.9      28.5      59.8      0.00      12.1      0.00      0.00      0.00      0.00      0.00      0.00
  50   0  0  -1 A0538002 O.N.VYSOTSKIY,  1993     5 50-SN-0(HE3,X)52-TE-119,IND,SI  12.1     8.403E-02  36.5     1.788E-07 T2  8.23      104.      15.1      42.0      94.0      0.00      12.1      0.00      0.00      0.00      0.00      0.00      0.00
  78   0  0   2 D4281017 M.Al-Abyad,F.T  2013    10 78-PT-0(HE3,X)79-AU-196-M2,,SI  12.4      11.8     1.039E+04 4.672E-02 T2  7.81     0.549      14.3      17.1      26.2      0.00      12.4      0.00      0.00      0.00      0.00      0.00      0.00
  25  55  0  -1 B0178007 M.Watanabe, H.  1979    16 25-MN-55(HE3,2P)25-MN-56,,SIG   12.5     8.148E-02  0.00     6.199E-08 T2  4.44      48.9      0.00      11.4      38.7      0.00      12.5      0.00      0.00      0.00      0.00      0.00      0.00
  41  93  0   0 D4014003 M.Fassbender,A  1994    41 41-NB-93(HE3,3N)43-TC-93-G,,SI  12.6     0.103      40.5     6.232E-02 T2  24.5      277.      17.0      15.9      35.0      0.00      12.6      0.00      0.00      0.00      0.00      0.00      0.00
  41  93  0   0 D4014003 M.Fassbender,A  1994    41 41-NB-93(HE3,3N)43-TC-93-G,,SI  12.6     0.103      40.5     6.415E-02 T2  24.5      277.      17.0      15.9      35.0      0.00      12.6      0.00      0.00      0.00      0.00      0.00      0.00
  75 185  0   0 R0053008 N.E.Scott, J.W  1968     3 75-RE-185(HE3,A)75-RE-184-G,,S  12.7     8.181E-02  0.00     1.788E-07 T2  1.42      16.0      0.00      17.3      30.6      0.00      12.7      0.00      0.00      0.00      0.00      0.00      0.00
  79 197  0  -1 B0033002SF.HERMES, E.W.  1974    13 79-AU-197(HE3,2N)81-TL-198,,SI  12.9     8.422E-02  0.00     3.994E-02 T2  3.92      44.4      0.00      14.3      41.6      0.00      12.9      0.00      0.00      0.00      0.00      0.00      0.00
  79 197  0  -1 B0033002SF.HERMES, E.W.  1974    13 79-AU-197(HE3,2N)81-TL-198,,SI  12.9     8.422E-02  0.00     3.955E-02 T2  3.92      44.4      0.00      14.3      41.6      0.00      12.9      0.00      0.00      0.00      0.00      0.00      0.00
  47 109  0  -1 E1370011 Y.Nagame, Y.Na  1988     5 47-AG-109(HE3,2N+P)48-CD-109,,  12.9     7.853E-02  16.8     1.457E-07 T2  31.5      385.      22.4      17.4      37.6      0.00      12.9      0.00      0.00      0.00      0.00      0.00      0.00
  26  54  0  -1 B0138002 P.HORNSHOJ, L.  1977     5 26-FE-54(HE3,2N)28-NI-55,,SIG,  13.2     8.202E-02 1.044E+03 1.703E-08 T2 4.918E-02 0.349      14.9      12.2      15.0      0.00      13.2      0.00      0.00      0.00      0.00      0.00      0.00
  26  54  0  -1 B0138002 P.HORNSHOJ, L.  1977     5 26-FE-54(HE3,2N)28-NI-55,,SIG,  13.2     8.202E-02 1.044E+03 1.192E-07 T2 4.918E-02 0.349      14.9      12.2      15.0      0.00      13.2      0.00      0.00      0.00      0.00      0.00      0.00
  68   0  0  -1 D4222010 Y.Homma, Y.Sug  1980    10 68-ER-0(HE3,X)70-YB-169,,SIG    13.3     7.759E-02  0.00     2.014E-02 T2  3.88      53.3      0.00      20.5      37.8      0.00      13.3      0.00      0.00      0.00      0.00      0.00      0.00
  47   0  0  -1 E1963002 T.Omori, M.Yag  1980    22 47-AG-0(HE3,X)49-IN-109,,SIG    13.3     0.126      203.     5.451E-02 T2  9.45      194.      8.00      11.6      45.9      0.00      13.3      0.00      0.00      0.00      0.00      0.00      0.00
  82 207  0  -1 C2330003 P.Wong,P.J.Dal  1970    12 82-PB-207(HE3,3N)84-PO-207,,SI  13.7     7.563E-02  84.3     6.954E-08 T2  16.5      207.      10.0      21.1      33.2      0.00      13.7      0.00      0.00      0.00      0.00      0.00      0.00
  82 207  0  -1 C2330003 P.Wong,P.J.Dal  1970    12 82-PB-207(HE3,3N)84-PO-207,,SI  13.7     7.563E-02  84.3     1.142E-07 T2  16.5      207.      10.0      21.1      33.2      0.00      13.7      0.00      0.00      0.00      0.00      0.00      0.00
  82 207  0  -1 C1101003 P.Wong,P.J.Dal  1970    12 82-PB-207(HE3,3N)84-PO-207,,SI  13.9     7.409E-02  84.6     6.954E-08 T2  16.5      211.      10.0      21.1      33.2      0.00      13.9      0.00      0.00      0.00      0.00      0.00      0.00
  82 207  0  -1 C1101003 P.Wong,P.J.Dal  1970    12 82-PB-207(HE3,3N)84-PO-207,,SI  13.9     7.409E-02  84.6     1.142E-07 T2  16.5      211.      10.0      21.1      33.2      0.00      13.9      0.00      0.00      0.00      0.00      0.00      0.00
  62 147  0  -1 D40550042F.-O.Denzler,   1995    10 62-SM-147(HE3,X)63-EU-146,,SIG  14.0      12.5     5.137E+03 3.596E-02 T3  515.      56.8      13.5      26.4      34.5      0.00      14.0      0.00      0.00      0.00      0.00      0.00      0.00
  41  93  0   0 A0583032 S.N.Kondratyev  1996     5 41-NB-93(HE3,X)39-Y-84-G,CUM,S  14.3     7.736E-02  17.4     5.031E-02 T2 0.624      4.82      25.1      73.9      93.0      0.00      14.3      0.00      0.00      0.00      0.00      0.00      0.00
  34  77  0  -1 A01540046He Youfeng, S.  1982     5 34-SE-77(HE3,4N)36-KR-76,,SIG   14.3     7.235E-02  151.     1.192E-08 T2  1.09      14.8      7.50      27.4      35.7      0.00      14.3      0.00      0.00      0.00      0.00      0.00      0.00
  67 165  0  -1 D0965005 O.Lebeda, J.Ra  2020    25 67-HO-165(HE3,3N)69-TM-165,,SI  14.7     7.932E-02  60.1     7.616E-02 T2  15.9      224.      11.5      15.0      46.5      0.00      14.7      0.00      0.00      0.00      0.00      0.00      0.00
  67 165  0  -1 D0965005 O.Lebeda, J.Ra  2020    25 67-HO-165(HE3,3N)69-TM-165,,SI  14.7     7.932E-02  60.1     7.855E-02 T2  15.9      224.      11.5      15.0      46.5      0.00      14.7      0.00      0.00      0.00      0.00      0.00      0.00
  82 208  0  -1 C0444003 Th.Rubehn,K.X.  1996    23 82-PB-208(HE3,F),,SIG           15.1     8.853E-02  14.3     7.038E-02 T2  28.7      104.      31.5      21.0      135.      0.00      15.1      0.00      0.00      0.00      0.00      0.00      0.00
  78   0  0   1 D07370131N.K.Skobelev,   2014     3 78-PT-0(HE3,X)80-HG-195-M,,SIG  15.3     6.578E-02  22.3     2.186E-07 T2 0.318      5.34      28.6      15.7      19.6      0.00      15.3      0.00      0.00      0.00      0.00      0.00      0.00
  78   0  0  -1 D4281020 M.Al-Abyad,F.T  2013    12 78-PT-0(HE3,X)79-AU-199,,SIG    15.3     6.629E-02  62.8     5.464E-08 T2 0.318      4.24      12.0      15.6      26.2      0.00      15.3      0.00      0.00      0.00      0.00      0.00      0.00
  41  93  0   1 A0583028 S.N.Kondratyev  1996    11 41-NB-93(HE3,X)39-Y-86-M,,SIG   15.8     0.121      27.4     0.144     T2  4.47      11.2      17.7      42.8      93.0      0.00      15.8      0.00      0.00      0.00      0.00      0.00      0.00
  74 186  0   0 F1470006 A.N.Moiseeva,R  2021     6 74-W-186(HE3,X)75-RE-186-G,,SI  16.1     0.385      15.0     0.248     T2  124.      95.9      20.2      13.4      43.8      0.00      16.1      0.00      0.00      0.00      0.00      0.00      0.00
  49   0  0   1 D0081007 S.M.Qaim,H.Doe  1984    33 49-IN-0(HE3,X)50-SN-117-M,,SIG  16.1     9.392E-02  35.7     9.706E-02 T2 0.627      1.61      14.6      12.8      117.      0.00      16.1      0.00      0.00      0.00      0.00      0.00      0.00
  78   0  0   1 D4281003 M.Al-Abyad,F.T  2013    10 78-PT-0(HE3,X)80-HG-193-M,,SIG  16.2     6.565E-02  40.2     3.076E-04 T2 3.499E-02 0.492      15.5      17.1      26.2      0.00      16.2      0.00      0.00      0.00      0.00      0.00      0.00
  83 209  0  -1 A0544004 O.N.Vysotsky,A  1992    10 83-BI-209(HE3,4N)85-AT-208,,SI  16.3     8.754E-02  33.0     9.279E-02 T2  14.7      199.      15.0      28.9      95.3      0.00      16.3      0.00      0.00      0.00      0.00      0.00      0.00
  79 197  0  -1 B0033004SF.HERMES, E.W.  1974    12 79-AU-197(HE3,4N)81-TL-196,,SI  16.3     8.209E-02  0.00     0.119     T2  13.2      183.      0.00      25.2      71.8      0.00      16.3      0.00      0.00      0.00      0.00      0.00      0.00
  83 209  0  -1 D0493008 J.D.Stickler,   1974     8 83-BI-209(HE3,3N)85-AT-209,,SI  16.4     6.516E-02  88.9     8.196E-08 T2  13.4      305.      20.5      24.7      65.3      0.00      16.4      0.00      0.00      0.00      0.00      0.00      0.00
  83 209  0  -1 D0493008 J.D.Stickler,   1974     8 83-BI-209(HE3,3N)85-AT-209,,SI  16.4     6.516E-02  88.9     1.565E-07 T2  13.4      305.      20.5      24.7      65.3      0.00      16.4      0.00      0.00      0.00      0.00      0.00      0.00
  25  55  0  -1 B0178004 M.Watanabe, H.  1979    29 25-MN-55(HE3,N)27-CO-57,,SIG    16.6     9.725E-02  0.00     0.106     T2  4.50      61.5      0.00      9.58      38.9      0.00      16.6      0.00      0.00      0.00      0.00      0.00      0.00
  25  55  0  -1 B0178004 M.Watanabe, H.  1979    29 25-MN-55(HE3,N)27-CO-57,,SIG    16.6     9.725E-02  0.00     0.102     T2  4.50      61.5      0.00      9.58      38.9      0.00      16.6      0.00      0.00      0.00      0.00      0.00      0.00
  51   0  0  -1 D41710022K.F.Hassan,S.M  2006    27 51-SB-0(HE3,X)53-I-123,,SIG     16.7     6.658E-02  63.7     6.804E-03 T2  12.5      179.      12.0      11.0      35.4      0.00      16.7      0.00      0.00      0.00      0.00      0.00      0.00
  29  63  0  -1 B0079007 E.A.Bryant, D.  1963     4 29-CU-63(HE3,X)30-ZN-62,CUM,SI  16.7      10.9     3.910E+04 7.021E-02 T2  5.15     0.160      12.0      16.5      23.4      0.00      16.7      0.00      0.00      0.00      0.00      0.00      0.00
  47 107  0   0 A0319008GP.Misaelides,H  1980     6 47-AG-107(HE3,X)47-AG-104-G,,S  16.8     6.060E-02  58.0     5.960E-08 T2  1.51      22.0      12.4      21.1      39.7      0.00      16.8      0.00      0.00      0.00      0.00      0.00      0.00
  25  55  0  -1 B0178007 M.Watanabe, H.  1979    25 25-MN-55(HE3,2P)25-MN-56,,SIG   16.8     6.180E-02  0.00     8.583E-08 T2  3.44      48.9      0.00      11.4      38.7      0.00      16.8      0.00      0.00      0.00      0.00      0.00      0.00
  74 186  0  -1 F1470007 A.N.Moiseeva,R  2021     6 74-W-186(HE3,P)75-RE-188,,SIG   17.2     0.117      16.0     0.170     T2 0.285      1.09      19.6      13.4      43.8      0.00      17.2      0.00      0.00      0.00      0.00      0.00      0.00
  74 186  0  -1 F1470007 A.N.Moiseeva,R  2021     6 74-W-186(HE3,P)75-RE-188,,SIG   17.2     0.117      16.0     0.271     T2 0.285      1.09      19.6      13.4      43.8      0.00      17.2      0.00      0.00      0.00      0.00      0.00      0.00
  73 181  0   0 R0053009 N.E.Scott, J.W  1968     4 73-TA-181(HE3,A)73-TA-180-G,,S  17.9     5.573E-02  0.00     4.470E-08 T2  1.32      23.7      0.00      25.5      32.7      0.00      17.9      0.00      0.00      0.00      0.00      0.00      0.00
  56 137  0   0 C2740002 D.M.Montgomery  1970    12 56-BA-137(HE3,3N)58-CE-137-G,,  18.1     6.064E-02  97.5     1.216E-02 T2  8.39      103.      9.35      14.2      33.4      0.00      18.1      0.00      0.00      0.00      0.00      0.00      0.00
  56 137  0   0 C2740002 D.M.Montgomery  1970    12 56-BA-137(HE3,3N)58-CE-137-G,,  18.1     6.064E-02  97.5     1.250E-02 T2  8.39      103.      9.35      14.2      33.4      0.00      18.1      0.00      0.00      0.00      0.00      0.00      0.00
  44 102  0   0 D5048007 Ye.Skakun, S.M  2007     9 44-RU-102(HE3,X)45-RH-101-G,CU  18.1      15.0     9.451E+03 4.349E-02 T3  129.      14.7      86.8      19.3      33.5      0.00      18.1      0.00      0.00      0.00      0.00      0.00      0.00
  78   0  0   1 D41720021S.Sudar, S.M.Q  2006    18 78-PT-0(HE3,X)80-HG-195-M,,SIG  18.2     5.637E-02  201.     3.643E-08 T2  4.87      106.      6.85      18.1      34.9      0.00      18.2      0.00      0.00      0.00      0.00      0.00      0.00
  73 181  0   0 R0053009 N.E.Scott, J.W  1968     2 73-TA-181(HE3,A)73-TA-180-G,,S  18.2     5.480E-02  0.00     7.451E-08 T2  1.37      23.7      0.00      25.5      32.7      0.00      18.2      0.00      0.00      0.00      0.00      0.00      0.00
  27  59  0   0 A0602011 S.N.KONDRATYEV  1998     9 27-CO-59(HE3,X)25-MN-52-G,CUM,  18.2     0.168      100.     0.113     T2  9.82      8.40      9.97      17.0      91.9      0.00      18.2      0.00      0.00      0.00      0.00      0.00      0.00
  78 194  0  -1 D0737003 N.K.Skobelev,   2014     2 78-PT-194(HE3,X)79-AU-196,,SIG  18.3     5.468E-02  501.     2.980E-08 T2 0.945      17.5      5.17      22.3      24.1      0.00      18.3      0.00      0.00      0.00      0.00      0.00      0.00
  78 194  0  -1 D0737003 N.K.Skobelev,   2014     2 78-PT-194(HE3,X)79-AU-196,,SIG  18.3     5.468E-02  501.     1.490E-07 T2 0.945      17.5      5.17      22.3      24.1      0.00      18.3      0.00      0.00      0.00      0.00      0.00      0.00
  41  93  0  -1 A0583030 S.N.Kondratyev  1996    11 41-NB-93(HE3,X)39-Y-86,IND,SIG  18.3     0.123      112.     0.176     T2  8.95      16.7      8.22      42.8      93.0      0.00      18.3      0.00      0.00      0.00      0.00      0.00      0.00
  10  20  0  -1 A0175004 H.Backhausen,   1981     9 10-NE-20(HE3,X)10-NE-18,IND,SI  18.3      16.2     1.175E+04 4.236E-02 T2  16.6      1.41      23.9      18.4      30.9      0.00      18.3      0.00      0.00      0.00      0.00      0.00      0.00
  73 181  0   0 D4421006 B.M.Ali,G.Y.Mo  2020     9 73-TA-181(HE3,X)73-TA-180-G,,S  18.4     5.446E-02  21.1     1.192E-07 T2  1.19      22.6      21.5      17.9      26.4      0.00      18.4      0.00      0.00      0.00      0.00      0.00      0.00
  82 208  0  -1 R0053027 N.E.Scott, J.W  1968    11 82-PB-208(HE3,3N)84-PO-208,,SI  18.8     5.949E-02  0.00     7.044E-08 T2  15.4      175.      0.00      18.5      31.4      0.00      18.8      0.00      0.00      0.00      0.00      0.00      0.00
  82 208  0  -1 R0053027 N.E.Scott, J.W  1968    11 82-PB-208(HE3,3N)84-PO-208,,SI  18.8     5.949E-02  0.00     7.586E-08 T2  15.4      175.      0.00      18.5      31.4      0.00      18.8      0.00      0.00      0.00      0.00      0.00      0.00
  50   0  0   0 A0538006 O.N.VYSOTSKIY,  1993     5 50-SN-0(HE3,X)49-IN-111-G,CUM,  19.1     6.681E-02  34.2     7.971E-02 T2  7.23      38.6      15.4      42.0      94.0      0.00      19.1      0.00      0.00      0.00      0.00      0.00      0.00
  56 137  0   1 C2740003 D.M.Montgomery  1970    12 56-BA-137(HE3,3N)58-CE-137-M,,  19.3     5.198E-02  103.     3.477E-08 T2  12.1      230.      9.35      14.2      33.4      0.00      19.3      0.00      0.00      0.00      0.00      0.00      0.00
  56 137  0   1 C2740003 D.M.Montgomery  1970    12 56-BA-137(HE3,3N)58-CE-137-M,,  19.3     5.198E-02  103.     1.142E-07 T2  12.1      230.      9.35      14.2      33.4      0.00      19.3      0.00      0.00      0.00      0.00      0.00      0.00
  78   0  0   0 D41720022S.Sudar, S.M.Q  2006    18 78-PT-0(HE3,X)80-HG-195-G,,SIG  19.4     5.210E-02  304.     4.636E-08 T2  2.49      45.7      5.83      18.1      34.9      0.00      19.4      0.00      0.00      0.00      0.00      0.00      0.00
  34  76  0  -1 A01540035He Youfeng, S.  1982     6 34-SE-76(HE3,X)35-BR-75,,SIG    19.4      17.3     7.311E+04 6.131E-02 T3  255.      23.9      10.0      26.6      35.1      0.00      19.4      0.00      0.00      0.00      0.00      0.00      0.00
  33  75  0   1 A0253010 A.M.J.Paans,J.  1980     3 33-AS-75(HE3,4N)35-BR-74-M,,SI  19.5     5.153E-02  88.2     1.987E-08 T2  1.21      25.1      10.2      32.4      41.4      0.00      19.5      0.00      0.00      0.00      0.00      0.00      0.00
   4   9  0  -1 B0005002 C.E.MOSS, C.S.  1974     9 4-BE-9(HE3,2N)6-C-10,,SIG,,,EX  19.5      18.1     2.708E+04 2.398E-02 T2  5.69     0.254      22.6      10.3      40.8      0.00      19.5      0.00      0.00      0.00      0.00      0.00      0.00
  51   0  0  -1 D4216003 F.Tarkanyi,S.T  2009    44 51-SB-0(HE3,X)53-I-123,,SIG     19.6     5.300E-02  295.     1.129E-02 T2  12.7      279.      9.35      13.1      27.2      0.00      19.6      0.00      0.00      0.00      0.00      0.00      0.00
  83 209  0  -1 R0053006 N.E.Scott, J.W  1968     3 83-BI-209(HE3,X)84-PO-210,,SIG  19.8     5.102E-02  0.00     1.987E-08 T2  5.63      111.      0.00      24.7      34.7      0.00      19.8      0.00      0.00      0.00      0.00      0.00      0.00
  44 102  0  -1 D5057007 Ye.Skakun, S.M  2008    11 44-RU-102(HE3,4N)46-PD-101,,SI  19.8     5.248E-02  90.6     4.470E-08 T2  5.07      106.      11.0      19.3      33.5      0.00      19.8      0.00      0.00      0.00      0.00      0.00      0.00
  27  59  0  -1 A0210016 R.Michel,M.Gal  1983    10 27-CO-59(HE3,X)23-V-48,IND,SIG  20.2     0.401      666.     8.426E-02 T2  12.1      3.09      12.9      53.4      128.      0.00      20.2      0.00      0.00      0.00      0.00      0.00      0.00
  62 147  0  -1 D40550021F.-O.Denzler,   1995    21 62-SM-147(HE3,3N)64-GD-147,,SI  20.3     5.535E-02  26.6     1.399E-07 T2  21.1      238.      21.5      11.3      34.5      0.00      20.3      0.00      0.00      0.00      0.00      0.00      0.00
  62 147  0  -1 D40550021F.-O.Denzler,   1995    21 62-SM-147(HE3,3N)64-GD-147,,SI  20.3     5.535E-02  26.6     1.840E-07 T2  21.1      238.      21.5      11.3      34.5      0.00      20.3      0.00      0.00      0.00      0.00      0.00      0.00
  34  77  0  -1 A01540056He Youfeng, S.  1982     5 34-SE-77(HE3,X)35-BR-76,,SIG    20.3      16.7     1.336E+05 8.883E-03 T3  428.      46.4      10.0      27.7      35.4      0.00      20.3      0.00      0.00      0.00      0.00      0.00      0.00
  47 109  0  -1 A0335007 M.Marten,A.Sch  1985    12 47-AG-109(HE3,3N)49-IN-109,,SI  20.6     4.976E-02  159.     1.589E-07 T2  18.5      383.      7.50      16.0      42.1      0.00      20.6      0.00      0.00      0.00      0.00      0.00      0.00
  47 109  0  -1 A0335007 M.Marten,A.Sch  1985    12 47-AG-109(HE3,3N)49-IN-109,,SI  20.6     4.976E-02  159.     1.788E-07 T2  18.5      383.      7.50      16.0      42.1      0.00      20.6      0.00      0.00      0.00      0.00      0.00      0.00
  41  93  0   1 A0583015 S.N.Kondratyev  1996     7 41-NB-93(HE3,X)39-Y-90-M,,SIG   20.7     5.780E-02  4.46     2.384E-07 T2 1.521E-02 0.931      52.4      42.8      93.0      0.00      20.7      0.00      0.00      0.00      0.00      0.00      0.00
  62 147  0  -1 D40550032F.-O.Denzler,   1995    18 62-SM-147(HE3,X)63-EU-148,,SIG  20.8     7.271E-02  55.4     4.211E-02 T2  10.5      87.3      14.8      11.3      34.5      0.00      20.8      0.00      0.00      0.00      0.00      0.00      0.00
  73 181  0  -1 R0053011 N.E.Scott, J.W  1968     4 73-TA-181(HE3,2N+A)73-TA-178,,  20.9     4.802E-02  0.00      0.00     T2 0.347      6.99      0.00      25.5      32.7      0.00      20.9      0.00      0.00      0.00      0.00      0.00      0.00
   6  12  0  -1 O2016004 V.Liebler, K.B  1989    42 6-C-12(HE3,X)7-N-13,,SIG        20.9     6.831E-02  80.9     5.575E-02 T2  13.8      89.9      7.33      5.55      14.0      0.00      20.9      0.00      0.00      0.00      0.00      0.00      0.00
  78   0  0   0 D41720042S.Sudar, S.M.Q  2006    13 78-PT-0(HE3,X)80-HG-197-G,,SIG  21.1     5.137E-02  28.8     1.238E-07 T2 0.737      23.6      32.3      18.1      34.9      0.00      21.1      0.00      0.00      0.00      0.00      0.00      0.00
  52   0  0  -1 B01650021Y.Homma, Y.Mur  1977    24 52-TE-0(HE3,X)54-XE-125,,SIG    21.3     5.355E-02  0.00     8.106E-08 T2  4.57      69.6      0.00      7.41      38.9      0.00      21.3      0.00      0.00      0.00      0.00      0.00      0.00
  51   0  0  -1 E2153005 Y.Homma, Y.Mur  1976    27 51-SB-0(HE3,X)53-I-121,,SIG     21.9     5.333E-02  0.00     2.023E-04 T2  15.9      241.      0.00      14.1      37.8      0.00      21.9      0.00      0.00      0.00      0.00      0.00      0.00
  50   0  0  -1 A0538003 O.N.VYSOTSKIY,  1993     3 50-SN-0(HE3,X)51-SB-125,CUM,SI  21.9     6.779E-02  5.83     4.371E-07 T2 0.125      8.67      57.8      51.0      79.0      0.00      21.9      0.00      0.00      0.00      0.00      0.00      0.00
  73 181  0  -1 R0053011 N.E.Scott, J.W  1968     2 73-TA-181(HE3,2N+A)73-TA-178,,  22.3     4.504E-02  0.00      0.00     T2 0.232      6.99      0.00      25.5      32.7      0.00      22.3      0.00      0.00      0.00      0.00      0.00      0.00
  10  20  0  -1 A0175004 H.Backhausen,   1981     7 10-NE-20(HE3,X)10-NE-18,IND,SI  23.4      21.6     1.494E+04  0.00     T2  16.9      1.41      23.9      18.4      30.9      0.00      23.4      0.00      0.00      0.00      0.00      0.00      0.00
   6   0  0  -1 D4024002 F.Ditroi,S.Tak  1995    10 6-C-0(HE3,X)4-BE-7,,SIG         23.4     0.115      23.0     0.151     T2  17.2      40.8      15.0      11.6      27.3      0.00      23.4      0.00      0.00      0.00      0.00      0.00      0.00
   4   9  0  -1 F0207007 O.D.Brill'      1965    18 4-BE-9(HE3,N)6-C-11,,SIG        23.5      21.6     1.300E+04 7.016E-02 T3  83.7      2.65      25.0      4.95      28.1      0.00      23.5      0.00      0.00      0.00      0.00      0.00      0.00
   4   9  0  -1 F0207007 O.D.Brill'      1965    18 4-BE-9(HE3,N)6-C-11,,SIG        23.5      21.6     1.300E+04 7.020E-02 T3  83.7      2.65      25.0      4.95      28.1      0.00      23.5      0.00      0.00      0.00      0.00      0.00      0.00
  92   0  0  -1 B01500021S.MUBARAKMAND,  1977     7 92-U-0(HE3,F),,SIG,,,EXP        23.9      18.8      0.00     7.368E-02 T2  385.      52.8      0.00      25.1      30.0      0.00      23.9      0.00      0.00      0.00      0.00      0.00      0.00
  33  75  0   1 A0232004 Z.B.Alfassi,R.  1982    24 33-AS-75(HE3,4N)35-BR-74-M,,SI  24.0     4.244E-02  17.7     2.111E-07 T2  2.22      49.7      24.1      33.6      64.6      0.00      24.0      0.00      0.00      0.00      0.00      0.00      0.00
  93 237  0  -1 D0371008 J.Aaltonen,V.D  1996    12 93-NP-237(HE3,X)94-PU-236,CUM,  24.2     4.233E-02  665.     1.639E-07 T2 7.478E-02  1.41      6.73      20.4      26.3      0.00      24.2      0.00      0.00      0.00      0.00      0.00      0.00
  48   0  0  -1 D0081002 S.M.Qaim,H.Doe  1984    15 48-CD-0(HE3,X)50-SN-113,,SIG    24.2     4.366E-02  26.8     1.463E-02 T2  6.32      114.      19.2      4.87      117.      0.00      24.2      0.00      0.00      0.00      0.00      0.00      0.00
  93 237  0  -1 O0349005 J.Aaltonen,E.K  1996     8 93-NP-237(HE3,X)94-PU-236,CUM,  24.5     4.199E-02 2.165E+03 2.012E-07 T2 6.652E-02  1.22      2.46      20.1      26.5      0.00      24.5      0.00      0.00      0.00      0.00      0.00      0.00
  47 109  0  -1 E1370010 Y.Nagame, Y.Na  1988    10 47-AG-109(HE3,3N)49-IN-109,,SI  24.5     5.176E-02  17.0     1.661E-02 T2  19.4      262.      22.4      11.0      37.3      0.00      24.5      0.00      0.00      0.00      0.00      0.00      0.00
  47 109  0  -1 E1370010 Y.Nagame, Y.Na  1988    10 47-AG-109(HE3,3N)49-IN-109,,SI  24.5     5.176E-02  17.0     1.699E-02 T2  19.4      262.      22.4      11.0      37.3      0.00      24.5      0.00      0.00      0.00      0.00      0.00      0.00
  93 237  0  -1 D0371005 J.Aaltonen,V.D  1996     6 93-NP-237(HE3,X)94-PU-238,,SIG  24.6     4.506E-02  31.1     1.291E-07 T2 0.197      6.93      31.9      20.4      26.0      0.00      24.6      0.00      0.00      0.00      0.00      0.00      0.00
  79 197  0   0 E1306013 Y.Nagame, K.Su  1990    20 79-AU-197(HE3,A)79-AU-196-G,,S  25.1     4.260E-02  90.4     6.173E-08 T2 0.474      12.9      10.0      15.5      39.0      0.00      25.1      0.00      0.00      0.00      0.00      0.00      0.00
  29  63  0  -1 T0120004 N.W.GOLCHERT,J  1970    41 29-CU-63(HE3,X)30-ZN-62,CUM,SI  25.2      24.2     2.935E+04  0.00     T2  58.7      3.25      17.0      22.6      33.8      0.00      25.2      0.00      0.00      0.00      0.00      0.00      0.00
  78   0  0   1 D4281006 M.Al-Abyad,F.T  2013    12 78-PT-0(HE3,X)80-HG-195-M,,SIG  25.3     4.001E-02  71.2     6.457E-08 T2  1.60      33.5      11.4      15.6      26.2      0.00      25.3      0.00      0.00      0.00      0.00      0.00      0.00
  83 209  0  -1 E1370016 Y.Nagame, Y.Na  1988     6 83-BI-209(HE3,2N+A)83-BI-206,,  25.4     3.960E-02  18.4     1.490E-07 T2 0.283      6.96      22.4      27.7      36.2      0.00      25.4      0.00      0.00      0.00      0.00      0.00      0.00
  78   0  0   1 D4281010 M.Al-Abyad,F.T  2013     9 78-PT-0(HE3,X)78-PT-197-M,,SIG  25.4     3.946E-02  59.1     2.649E-08 T2 2.643E-02 0.748      13.5      17.1      26.2      0.00      25.4      0.00      0.00      0.00      0.00      0.00      0.00
  51   0  0  -1 E2153006 Y.Homma, Y.Mur  1976    29 51-SB-0(HE3,X)53-I-123,,SIG     25.7     5.915E-02  0.00     3.941E-02 T2  11.8      156.      0.00      8.50      37.2      0.00      25.7      0.00      0.00      0.00      0.00      0.00      0.00
  51   0  0  -1 A02380033I.A.Watson, S.  1973    10 51-SB-0(HE3,X)53-I-123,,SIG     25.8     3.977E-02  27.1     2.027E-07 T2  11.2      242.      17.7      12.4      25.8      0.00      25.8      0.00      0.00      0.00      0.00      0.00      0.00
  83 209  0  -1 D4017003 Z.Szucs, F.Sze  1994    14 83-BI-209(HE3,3N)85-AT-209,,SI  26.0     3.956E-02  61.1     1.490E-07 T2  7.39      179.      12.9      18.2      27.5      0.00      26.0      0.00      0.00      0.00      0.00      0.00      0.00
  83 209  0  -1 D4017003 Z.Szucs, F.Sze  1994    14 83-BI-209(HE3,3N)85-AT-209,,SI  26.0     3.956E-02  61.1     1.746E-07 T2  7.39      179.      12.9      18.2      27.5      0.00      26.0      0.00      0.00      0.00      0.00      0.00      0.00
  41  93  0  -1 A0583026 S.N.Kondratyev  1996    22 41-NB-93(HE3,X)39-Y-87,CUM,SIG  26.2     5.192E-02  89.6     3.516E-02 T2  6.27      75.1      11.7      31.8      93.0      0.00      26.2      0.00      0.00      0.00      0.00      0.00      0.00
  29  63  0  -1 T0120017 N.W.GOLCHERT,J  1970     7 29-CU-63(HE3,X)24-CR-51,CUM,SI  26.5     3.875E-02  75.9     7.044E-08 T2 9.823E-03 0.153      11.0      54.7      69.4      0.00      26.5      0.00      0.00      0.00      0.00      0.00      0.00
  58   0  0   0 D41970061K.Hilgers, S.S  2007     7 58-CE-0(HE3,X)60-ND-139-G,,SIG  26.7     3.847E-02  0.00     6.812E-08 T2  2.35      67.6      0.00      27.7      35.2      0.00      26.7      0.00      0.00      0.00      0.00      0.00      0.00
  31  71  0  -1 C0720005 R.V.Carlson,P.  1967     1 31-GA-71(HE3,G)33-AS-74,,SIG    26.7     3.739E-02  19.6     1.150E-07 T2 1.084E-03 2.338E-02  24.3      1.30      30.2      0.00      26.7      0.00      0.00      0.00      0.00      0.00      0.00
  67 165  0  -1 E08280293T.Motobayashi,  1984     1 67-HO-165(HE3,X)1-H-3,,SIG      26.9      26.9      0.00      0.00     T2 1.885E+03  70.0      0.00      100.      100.      0.00      26.9      0.00      0.00      0.00      0.00      0.00      0.00
  37   0  0   0 D4030012 F.Roesch, S.M.  1993     6 37-RB-0(HE3,X)39-Y-84-G,,SIG    27.4     4.407E-02  18.8     4.151E-02 T2 0.694      15.3      23.6      28.8      34.7      0.00      27.4      0.00      0.00      0.00      0.00      0.00      0.00
  79 197  0   1 D0493029 J.D.Stickler,   1974     9 79-AU-197(HE3,4N)81-TL-196-M,,  28.0     5.549E-02  20.0     9.797E-02 T2  11.4      157.      19.9      22.6      63.6      0.00      28.0      0.00      0.00      0.00      0.00      0.00      0.00
  79 197  0   0 E1306013 Y.Nagame, K.Su  1990    28 79-AU-197(HE3,A)79-AU-196-G,,S  28.1     3.756E-02  91.6     3.406E-08 T2 0.514      12.9      10.0      15.5      39.0      0.00      28.1      0.00      0.00      0.00      0.00      0.00      0.00
  83 209  0  -1 E1370016 Y.Nagame, Y.Na  1988     2 83-BI-209(HE3,2N+A)83-BI-206,,  28.8     3.503E-02  18.5     2.980E-08 T2 0.156      6.96      22.4      27.7      36.2      0.00      28.8      0.00      0.00      0.00      0.00      0.00      0.00
  83 209  0  -1 D0493009 J.D.Stickler,   1974     7 83-BI-209(HE3,4N)85-AT-208,,SI  29.0     3.584E-02  22.2     1.022E-07 T2  16.8      461.      21.4      29.8      65.3      0.00      29.0      0.00      0.00      0.00      0.00      0.00      0.00
  75 187  0  -1 R00530071N.E.Scott, J.W  1968     1 75-RE-187(HE3,A)75-RE-186,,SIG  29.0     3.445E-02  0.00     1.192E-07 T2 0.256      7.42      0.00      17.3      17.3      0.00      29.0      0.00      0.00      0.00      0.00      0.00      0.00
  29  63  0  -1 T0120005 N.W.GOLCHERT,J  1970     3 29-CU-63(HE3,X)30-ZN-62,CUM,SI  29.0      22.1     2.340E+05  0.00     T3  70.7      6.80      17.0      26.8      33.8      0.00      29.0      0.00      0.00      0.00      0.00      0.00      0.00
  27  59  0  -1 A0602014 S.N.KONDRATYEV  1998     3 27-CO-59(HE3,X)21-SC-46,,SIG    29.4     3.571E-02  68.4     1.490E-07 T2 1.064E-02 0.143      24.4      62.1      91.9      0.00      29.4      0.00      0.00      0.00      0.00      0.00      0.00
   3   6  0  -1 F0011002 R.V.Pyle,L.Rub  1978     5 3-LI-6(HE3,X)4-BE-7,,SIG        29.4     3.406E-02  278.      0.00     T2  13.2      356.      5.72      1.70      5.90      0.00      29.4      0.00      0.00      0.00      0.00      0.00      0.00
  78   0  0   0 D4281007 M.Al-Abyad,F.T  2013     8 78-PT-0(HE3,X)80-HG-197-G,,SIG  29.6     3.419E-02  40.9     2.161E-07 T2 0.394      14.2      20.5      18.1      26.2      0.00      29.6      0.00      0.00      0.00      0.00      0.00      0.00
  29  65  0  -1 T0120026 N.W.GOLCHERT,J  1970    49 29-CU-65(HE3,X)27-CO-60,,SIG    29.7     4.471E-02  233.     3.227E-02 T2 0.943      12.6      6.00      8.10      69.4      0.00      29.7      0.00      0.00      0.00      0.00      0.00      0.00
  83 209  0  -1 A0544009 O.N.Vysotsky,A  1992     8 83-BI-209(HE3,X)83-BI-206,CUM,  29.8     3.666E-02  40.3     9.686E-08 T2  2.89      58.1      15.0      40.4      94.1      0.00      29.8      0.00      0.00      0.00      0.00      0.00      0.00
  28   0  0  -1 D4011007 S.Takacs,F.Tar  1995    21 28-NI-0(HE3,X)27-CO-57,CUM,SIG  30.2     8.763E-02  53.6     0.121     T2  20.0      45.6      11.2      5.80      35.0      0.00      30.2      0.00      0.00      0.00      0.00      0.00      0.00
  30  68  0   1 A0448023 Y.Nagame, H.Na  1989    16 30-ZN-68(HE3,2P)30-ZN-69-M,,SI  30.3     3.366E-02  148.     2.980E-08 T2 0.824      25.0      7.94      11.9      39.0      0.00      30.3      0.00      0.00      0.00      0.00      0.00      0.00
  47 107  0   1 A0319005MP.Misaelides,H  1980     4 47-AG-107(HE3,4N)49-IN-106-M,,  30.7     5.439E-02  6.93     1.937E-07 T2 0.109      14.7      72.9      30.6      39.0      0.00      30.7      0.00      0.00      0.00      0.00      0.00      0.00
  51   0  0  -1 D4171003 K.F.Hassan,S.M  2006    20 51-SB-0(HE3,X)53-I-121,,SIG     30.8     3.821E-02  70.9     1.703E-07 T2  15.5      348.      11.3      12.3      35.4      0.00      30.8      0.00      0.00      0.00      0.00      0.00      0.00
  73 181  0   1 D4421004 B.M.Ali,G.Y.Mo  2020    11 73-TA-181(HE3,2N)75-RE-182-M,,  31.4     3.267E-02  67.7     8.670E-08 T2 0.279      6.95      13.9      15.3      26.4      0.00      31.4      0.00      0.00      0.00      0.00      0.00      0.00
  73 181  0   1 D4421004 B.M.Ali,G.Y.Mo  2020    11 73-TA-181(HE3,2N)75-RE-182-M,,  31.4     3.267E-02  67.7     1.951E-07 T2 0.279      6.95      13.9      15.3      26.4      0.00      31.4      0.00      0.00      0.00      0.00      0.00      0.00
  48   0  0   0 D4298006 B.M.Ali,M.Al-A  2014     7 48-CD-0(HE3,X)48-CD-115-G,,SIG  31.6     3.783E-02  28.1     3.537E-02 T2 0.256      8.16      18.4      16.0      26.4      0.00      31.6      0.00      0.00      0.00      0.00      0.00      0.00
  92 238  0  -1 B01500022S.MUBARAKMAND,  1977     7 92-U-238(HE3,F),,SIG,,,EXP      31.9      23.5      0.00     0.103     T2  385.      51.9      0.00      25.1      30.0      0.00      31.9      0.00      0.00      0.00      0.00      0.00      0.00
  74 186  0  -1 R0053012 N.E.Scott, J.W  1968     1 74-W-186(HE3,P)75-RE-188,,SIG   32.0     3.129E-02  0.00      0.00     T2 0.436      13.9      0.00      31.6      31.6      0.00      32.0      0.00      0.00      0.00      0.00      0.00      0.00
  74 186  0  -1 R0053012 N.E.Scott, J.W  1968     1 74-W-186(HE3,P)75-RE-188,,SIG   32.0     3.129E-02  0.00     1.192E-07 T2 0.436      13.9      0.00      31.6      31.6      0.00      32.0      0.00      0.00      0.00      0.00      0.00      0.00
  58   0  0  -1 O1352004 K.Hilgers, Yu.  2005     7 58-CE-0(HE3,X)60-ND-139,,SIG    32.6     3.115E-02  10.1     1.277E-07 T2  6.36      230.      30.6      27.7      35.2      0.00      32.6      0.00      0.00      0.00      0.00      0.00      0.00
  79 197  0  -1 D0493028 J.D.Stickler,   1974     5 79-AU-197(HE3,3N)81-TL-197,,SI  32.9     3.951E-02  19.7     9.237E-02 T2  11.9      250.      21.6      16.4      36.4      0.00      32.9      0.00      0.00      0.00      0.00      0.00      0.00
  79 197  0  -1 D0493028 J.D.Stickler,   1974     5 79-AU-197(HE3,3N)81-TL-197,,SI  32.9     3.951E-02  19.7     9.385E-02 T2  11.9      250.      21.6      16.4      36.4      0.00      32.9      0.00      0.00      0.00      0.00      0.00      0.00
  93 237  0   1 D0371002 J.Aaltonen,V.D  1996     7 93-NP-237(HE3,X)93-NP-236-M,,S  33.2     3.030E-02  96.8     5.109E-08 T2 6.036E-02  1.92      12.4      20.4      26.0      0.00      33.2      0.00      0.00      0.00      0.00      0.00      0.00
  30  68  0   1 A0448023 Y.Nagame, H.Na  1989    24 30-ZN-68(HE3,2P)30-ZN-69-M,,SI  33.5     3.033E-02  149.     3.974E-08 T2 0.818      25.0      7.94      11.9      39.0      0.00      33.5      0.00      0.00      0.00      0.00      0.00      0.00
  47 107  0  -1 A0319009 P.Misaelides,H  1980     9 47-AG-107(HE3,X)47-AG-103,,SIG  33.6     2.992E-02  47.6     8.610E-08 T2 0.601      21.6      14.1      32.2      39.7      0.00      33.6      0.00      0.00      0.00      0.00      0.00      0.00
  58   0  0   1 D4197005 K.Hilgers, S.S  2007     7 58-CE-0(HE3,X)60-ND-139-M,,SIG  34.0     3.040E-02  9.70     1.022E-07 T2  4.04      159.      31.6      27.7      35.2      0.00      34.0      0.00      0.00      0.00      0.00      0.00      0.00
  29  65  0  -1 A0347013 H.H.Bissem,R.G  1980     4 29-CU-65(HE3,4N)31-GA-64,,SIG   34.9     2.868E-02  94.3     5.960E-08 T2 0.176      6.20      10.0      38.4      41.7      0.00      34.9      0.00      0.00      0.00      0.00      0.00      0.00
  79 197  0   1 B0033004MF.HERMES, E.W.  1974     6 79-AU-197(HE3,4N)81-TL-196-M,,  35.1     3.461E-02  0.00     7.947E-08 T2  13.5      260.      0.00      25.2      50.4      0.00      35.1      0.00      0.00      0.00      0.00      0.00      0.00
  51   0  0  -1 D4216004 F.Tarkanyi,S.T  2009    31 51-SB-0(HE3,X)53-I-121,,SIG     36.0     2.846E-02  75.4     1.192E-07 T2  11.4      363.      13.4      14.7      27.2      0.00      36.0      0.00      0.00      0.00      0.00      0.00      0.00
  78   0  0   0 D4281005 M.Al-Abyad,F.T  2013    12 78-PT-0(HE3,X)80-HG-195-G,,SIG  36.2     2.857E-02  65.4     3.974E-08 T2 0.790      18.7      12.1      15.6      26.2      0.00      36.2      0.00      0.00      0.00      0.00      0.00      0.00
  58   0  0  -1 O1352003 K.Hilgers, Yu.  2005    18 58-CE-0(HE3,X)60-ND-140,,SIG    36.2     3.054E-02  31.5     6.954E-08 T2  19.1      380.      17.1      15.9      35.0      0.00      36.2      0.00      0.00      0.00      0.00      0.00      0.00
  27  59  0  -1 A0602004 S.N.KONDRATYEV  1998    12 27-CO-59(HE3,2P)27-CO-60,,SIG   36.4     3.423E-02  103.     4.940E-02 T2  5.94      41.4      9.11      17.0      91.9      0.00      36.4      0.00      0.00      0.00      0.00      0.00      0.00
  81 203  0  -1 D0725002 I.N.Khaustov,   1990    15 81-TL-203(HE3,4N)83-BI-202,,SI  36.5     3.212E-02  57.0     1.431E-07 T2  14.6      570.      26.5      23.8      55.7      0.00      36.5      0.00      0.00      0.00      0.00      0.00      0.00
  44 101  0  -1 D5057008 Ye.Skakun, S.M  2008    12 44-RU-101(HE3,4N)46-PD-100,,SI  39.0     2.742E-02  58.0     4.470E-08 T2  3.24      96.6      12.8      23.0      33.7      0.00      39.0      0.00      0.00      0.00      0.00      0.00      0.00
  73 181  0  -1 D4421002 B.M.Ali,G.Y.Mo  2020    11 73-TA-181(HE3,3N)75-RE-181,,SI  39.6     2.532E-02  53.5     6.502E-08 T2  7.23      259.      13.9      15.3      26.4      0.00      39.6      0.00      0.00      0.00      0.00      0.00      0.00
  73 181  0  -1 D4421002 B.M.Ali,G.Y.Mo  2020    11 73-TA-181(HE3,3N)75-RE-181,,SI  39.6     2.532E-02  53.5     7.586E-08 T2  7.23      259.      13.9      15.3      26.4      0.00      39.6      0.00      0.00      0.00      0.00      0.00      0.00
  78   0  0   1 D4281021 M.Al-Abyad,F.T  2013     6 78-PT-0(HE3,X)79-AU-200-M,,SIG  39.8     2.551E-02  60.7     9.366E-08 T2 5.475E-03 0.191      17.2      17.1      26.2      0.00      39.8      0.00      0.00      0.00      0.00      0.00      0.00
  92 236  0  -1 O1309006 J.Aaltonen, P.  2001     2 92-U-236(HE3,2N)94-PU-237,,SIG  39.9     2.697E-02  84.0     5.960E-09 T2 9.608E-03 0.301      14.0      21.1      59.4      0.00      39.9      0.00      0.00      0.00      0.00      0.00      0.00
  48   0  0   1 D0081003 S.M.Qaim,H.Doe  1984    14 48-CD-0(HE3,X)50-SN-117-M,,SIG  40.9     3.863E-02  13.4     9.257E-02 T2 0.206      1.05      22.7      5.27      117.      0.00      40.9      0.00      0.00      0.00      0.00      0.00      0.00
  62 147  0  -1 D40550031F.-O.Denzler,   1995    13 62-SM-147(HE3,4N)64-GD-146,,SI  45.1     2.285E-02  41.0     6.419E-08 T2  6.47      214.      16.4      23.7      34.5      0.00      45.1      0.00      0.00      0.00      0.00      0.00      0.00
  76 192  0  -1 D0548002 S.M.Qaim,K.Hil  2009    11 76-OS-192(HE3,4N)78-PT-191,,SI  46.2     2.244E-02  32.5     7.044E-08 T2  8.99      295.      17.1      22.5      35.6      0.00      46.2      0.00      0.00      0.00      0.00      0.00      0.00
  41  93  0  -1 A0583033 S.N.Kondratyev  1996     5 41-NB-93(HE3,X)37-RB-84,,SIG    47.2     2.230E-02  89.2     3.793E-08 T2 1.314E-02 0.403      22.3      22.7      90.7      0.00      47.2      0.00      0.00      0.00      0.00      0.00      0.00
  79 197  0   0 B0033002GF.HERMES, E.W.  1974    11 79-AU-197(HE3,2N)81-TL-198-G,,  47.9     2.204E-02  0.00     4.335E-08 T2 0.795      32.6      0.00      14.3      31.3      0.00      47.9      0.00      0.00      0.00      0.00      0.00      0.00
  79 197  0   0 B0033002GF.HERMES, E.W.  1974    11 79-AU-197(HE3,2N)81-TL-198-G,,  47.9     2.204E-02  0.00     2.330E-07 T2 0.795      32.6      0.00      14.3      31.3      0.00      47.9      0.00      0.00      0.00      0.00      0.00      0.00
  27  59  0  -1 A0602013 S.N.KONDRATYEV  1998     5 27-CO-59(HE3,X)23-V-48,CUM,SIG  48.7     6.215E-02  111.     0.103     T2  1.05      1.44      10.1      54.9      91.9      0.00      48.7      0.00      0.00      0.00      0.00      0.00      0.00
  83 209  0  -1 A0544008 O.N.Vysotsky,A  1992    18 83-BI-209(HE3,X)84-PO-210,CUM,  49.6     2.098E-02  49.1     1.027E-07 T2  3.73      117.      16.1      30.0      93.4      0.00      49.6      0.00      0.00      0.00      0.00      0.00      0.00
  79 197  0  -1 D0737005 N.K.Skobelev,   2014     5 79-AU-197(HE3,3N)81-TL-197,,SI  49.6     2.039E-02  252.     5.960E-08 T2  3.20      154.      10.9      17.3      24.2      0.00      49.6      0.00      0.00      0.00      0.00      0.00      0.00
  79 197  0  -1 D0737005 N.K.Skobelev,   2014     5 79-AU-197(HE3,3N)81-TL-197,,SI  49.6     2.039E-02  252.     2.027E-07 T2  3.20      154.      10.9      17.3      24.2      0.00      49.6      0.00      0.00      0.00      0.00      0.00      0.00
  27  59  0  -1 A0210004 R.Michel,M.Gal  1983    20 27-CO-59(HE3,2P)27-CO-60,,SIG   52.2     2.357E-02  170.     3.266E-02 T2  3.41      31.4      7.32      14.7      128.      0.00      52.2      0.00      0.00      0.00      0.00      0.00      0.00
  82 207  0  -1 R0053024 N.E.Scott, J.W  1968    12 82-PB-207(HE3,3N)84-PO-207,,SI  53.4     2.364E-02  0.00     5.960E-08 T2  10.6      195.      0.00      16.3      31.0      0.00      53.4      0.00      0.00      0.00      0.00      0.00      0.00
  82 207  0  -1 R0053024 N.E.Scott, J.W  1968    12 82-PB-207(HE3,3N)84-PO-207,,SI  53.4     2.364E-02  0.00     1.291E-07 T2  10.6      195.      0.00      16.3      31.0      0.00      53.4      0.00      0.00      0.00      0.00      0.00      0.00
  44 102  0   1 D5057012 Ye.Skakun, S.M  2008     8 44-RU-102(HE3,X)43-TC-99-M,CUM  53.5     1.876E-02  18.8     1.192E-07 T2 8.117E-03 0.405      23.1      22.8      33.6      0.00      53.5      0.00      0.00      0.00      0.00      0.00      0.00
  73 181  0  -1 R0053021 N.E.Scott, J.W  1968    18 73-TA-181(HE3,3N)75-RE-181,,SI  55.3     2.064E-02  0.00     8.278E-08 T2  9.39      240.      0.00      14.0      31.0      0.00      55.3      0.00      0.00      0.00      0.00      0.00      0.00
  73 181  0  -1 R0053021 N.E.Scott, J.W  1968    18 73-TA-181(HE3,3N)75-RE-181,,SI  55.3     2.064E-02  0.00     8.610E-08 T2  9.39      240.      0.00      14.0      31.0      0.00      55.3      0.00      0.00      0.00      0.00      0.00      0.00
  47 109  0  -1 A0335006 M.Marten,A.Sch  1985    11 47-AG-109(HE3,4N)49-IN-108,,SI  57.7     1.746E-02  142.     4.335E-08 T2  4.70      279.      8.75      26.8      42.1      0.00      57.7      0.00      0.00      0.00      0.00      0.00      0.00
  41  93  0  -1 A0347020 H.H.Bissem,R.G  1980     7 41-NB-93(HE3,4N)43-TC-92,,SIG   59.7     1.688E-02  96.5     5.109E-08 T2 0.936      59.5      10.0      31.6      42.8      0.00      59.7      0.00      0.00      0.00      0.00      0.00      0.00
   6  12  0  -1 F02050032R.L.Hahn,E.Ric  1966     4 6-C-12(HE3,X)7-N-13,,SIG        61.0     1.854E-02  84.6     5.960E-08 T2  2.01      61.6      12.1      6.05      9.50      0.00      61.0      0.00      0.00      0.00      0.00      0.00      0.00
  93 237  0  -1 D0371006 J.Aaltonen,V.D  1996     2 93-NP-237(HE3,3N)95-AM-237,,SI  62.3     1.997E-02  12.1     2.980E-08 T2 1.123E-03 0.215      38.4      25.3      26.0      0.00      62.3      0.00      0.00      0.00      0.00      0.00      0.00
  93 237  0  -1 O0349007 J.Aaltonen,E.K  1996     8 93-NP-237(HE3,X)94-PU-238,CUM,  65.9     1.532E-02  238.     1.490E-07 T2 0.206      15.9      11.6      20.1      26.5      0.00      65.9      0.00      0.00      0.00      0.00      0.00      0.00
  78   0  0  -1 D4281002 M.Al-Abyad,F.T  2013     8 78-PT-0(HE3,X)80-HG-192,,SIG    66.2     1.537E-02  72.5     7.285E-08 T2 3.259E-02  1.52      12.5      18.1      26.2      0.00      66.2      0.00      0.00      0.00      0.00      0.00      0.00
  90 232  0  -1 F1466004 M.N.German,V.A  2022    11 90-TH-232(HE3,X)91-PA-233,,SIG  67.3     1.493E-02  26.2     1.192E-07 T2 0.920      60.2      19.7      39.5      57.1      0.00      67.3      0.00      0.00      0.00      0.00      0.00      0.00
   6  12  0  -1 E2394002 T.Mikumo, R.Se  1966     5 6-C-12(HE3,X)4-BE-7,,SIG        67.5     4.615E-02  2.42     0.127     T2  14.9      59.4      12.9      12.6      28.4      0.00      67.5      0.00      0.00      0.00      0.00      0.00      0.00
  50   0  0   0 D4338017 B.M.Ali,M.Al-A  2015    18 50-SN-0(HE3,X)50-SN-113-G,CUM,  68.5     1.495E-02  36.7     6.954E-08 T2 7.992E-02  6.34      18.6      14.7      24.8      0.00      68.5      0.00      0.00      0.00      0.00      0.00      0.00
  93 237  0  -1 D0371010 J.Aaltonen,V.D  1996     7 93-NP-237(HE3,X)94-PU-238,CUM,  71.9     1.399E-02  90.9     1.107E-07 T2 0.195      14.0      16.3      20.4      26.0      0.00      71.9      0.00      0.00      0.00      0.00      0.00      0.00
  83 209  0  -1 D4017002 Z.Szucs, F.Sze  1994     5 83-BI-209(HE3,4N)85-AT-208,,SI  72.5     1.454E-02  58.6     9.537E-08 T2 0.222      16.7      13.8      24.9      27.5      0.00      72.5      0.00      0.00      0.00      0.00      0.00      0.00
  79 197  0   0 B0033004GF.HERMES, E.W.  1974     6 79-AU-197(HE3,4N)81-TL-196-G,,  75.3     1.510E-02  0.00     1.987E-08 T2  1.34      72.5      0.00      25.2      50.4      0.00      75.3      0.00      0.00      0.00      0.00      0.00      0.00
  51   0  0  -1 A02380031I.A.Watson, S.  1973     9 51-SB-0(HE3,X)53-I-121,,SIG     76.1     1.607E-02  19.5     1.907E-07 T2  9.05      286.      21.9      12.4      25.8      0.00      76.1      0.00      0.00      0.00      0.00      0.00      0.00
  44 101  0  -1 D5057013 Ye.Skakun, S.M  2008     6 44-RU-101(HE3,X)44-RU-97,,SIG   79.3     1.265E-02  29.2     8.941E-08 T2 0.102      5.32      36.4      25.0      33.7      0.00      79.3      0.00      0.00      0.00      0.00      0.00      0.00
  41  93  0  -1 A0583035 S.N.Kondratyev  1996     4 41-NB-93(HE3,X)37-RB-83,CUM,SI  81.5     1.235E-02  156.     5.109E-08 T2 5.974E-02  3.21      13.2      53.3      90.7      0.00      81.5      0.00      0.00      0.00      0.00      0.00      0.00
  92 235  0   1 O2270006 J.Aaltonen, E.  2015     6 92-U-235(HE3,X)93-NP-236-M,,SI  86.7     1.175E-02  30.4     1.291E-07 T2 0.120      10.3      22.5      20.4      42.0      0.00      86.7      0.00      0.00      0.00      0.00      0.00      0.00
  79 197  0   1 E1306004 Y.Nagame, K.Su  1990    34 79-AU-197(HE3,4N)81-TL-196-M,,  92.4     1.223E-02  96.2     6.837E-08 T2  6.98      264.      10.0      23.4      39.0      0.00      92.4      0.00      0.00      0.00      0.00      0.00      0.00
   3   6  0  -1 A0165002 S.N.Abramovich  1982     6 3-LI-6(HE3,X)4-BE-7,,SIG        99.6     1.217E-02  161.     8.196E-08 T2  7.30      324.      8.48      1.75      6.89      0.00      99.6      0.00      0.00      0.00      0.00      0.00      0.00
  83 209  0  -1 E1370015 Y.Nagame, Y.Na  1988     8 83-BI-209(HE3,4N)85-AT-208,,SI  106.     1.058E-02  19.3     1.565E-07 T2  9.58      460.      22.4      25.4      37.8      0.00      106.      0.00      0.00      0.00      0.00      0.00      0.00
  29  63  0  -1 T0120013 N.W.GOLCHERT,J  1970     3 29-CU-63(HE3,X)27-CO-60,,SIG    126.     7.949E-03  273.      0.00     T2 0.137      11.7      6.00      24.9      32.9      0.00      126.      0.00      0.00      0.00      0.00      0.00      0.00
  29  65  0  -1 T0120030 N.W.GOLCHERT,J  1970    20 29-CU-65(HE3,X)26-FE-59,CUM,SI  127.     8.359E-03  43.4     3.874E-08 T2 1.872E-02  1.32      15.0      38.7      69.4      0.00      127.      0.00      0.00      0.00      0.00      0.00      0.00
  47 107  0   0 A0319005GP.Misaelides,H  1980     4 47-AG-107(HE3,4N)49-IN-106-G,,  131.     8.133E-03  40.3     1.043E-07 T2 0.428      80.8      22.7      30.6      39.0      0.00      131.      0.00      0.00      0.00      0.00      0.00      0.00
  83 209  0  -1 A0544010 O.N.Vysotsky,A  1992     8 83-BI-209(HE3,X)83-BI-204,CUM,  138.     7.784E-03  43.6     1.192E-08 T2  1.81      141.      15.0      30.5      92.9      0.00      138.      0.00      0.00      0.00      0.00      0.00      0.00
  79 197  0   0 E1306005 Y.Nagame, K.Su  1990    24 79-AU-197(HE3,4N)81-TL-196-G,,  146.     7.481E-03  97.7     7.699E-08 T2 0.784      63.2      10.0      23.2      38.7      0.00      146.      0.00      0.00      0.00      0.00      0.00      0.00
  82 208  0  -1 R0053028 N.E.Scott, J.W  1968     7 82-PB-208(HE3,4N)84-PO-207,,SI  162.     7.586E-03  0.00     5.960E-08 T2  3.24      170.      0.00      22.6      31.4      0.00      162.      0.00      0.00      0.00      0.00      0.00      0.00
  41  93  0   0 A0583031 S.N.Kondratyev  1996     7 41-NB-93(HE3,X)38-SR-85-G,CUM,  166.     6.674E-03  83.3     5.960E-08 T2 0.305      21.6      10.9      53.3      90.7      0.00      166.      0.00      0.00      0.00      0.00      0.00      0.00
  44 101  0   1 D5057011 Ye.Skakun, S.M  2008    10 44-RU-101(HE3,X)43-TC-99-M,,SI  181.     5.540E-03  21.1     1.311E-07 T2 5.169E-03 0.970      22.3      25.0      33.7      0.00      181.      0.00      0.00      0.00      0.00      0.00      0.00
  29  65  0  -1 T0120027 N.W.GOLCHERT,J  1970    20 29-CU-65(HE3,X)27-CO-58,,SIG    197.     5.407E-03  154.     7.153E-08 T2  1.83      164.      8.00      38.7      69.4      0.00      197.      0.00      0.00      0.00      0.00      0.00      0.00
  74 186  0  -1 F1470010 A.N.Moiseeva,R  2021     5 74-W-186(HE3,4N)76-OS-185,,SIG  220.     1.353E-02  20.8     6.975E-02 T2  14.1      227.      20.0      18.8      43.8      0.00      220.      0.00      0.00      0.00      0.00      0.00      0.00
  90 230  0  -1 O2144002 A.Morgenstern,  2013     9 90-TH-230(HE3,3N)92-U-230,,SIG  238.     4.263E-03  37.3     7.336E-08 T2 1.161E-02  2.06      16.2      18.7      35.3      0.00      238.      0.00      0.00      0.00      0.00      0.00      0.00
  82 207  0  -1 R0053025 N.E.Scott, J.W  1968     8 82-PB-207(HE3,4N)84-PO-206,,SI  264.     4.174E-03  0.00     7.947E-08 T2  1.64      155.      0.00      22.1      31.0      0.00      264.      0.00      0.00      0.00      0.00      0.00      0.00
  73 181  0  -1 R0053022 N.E.Scott, J.W  1968    10 73-TA-181(HE3,4N)75-RE-180,,SI  267.     4.171E-03  0.00     5.364E-08 T2  3.17      346.      0.00      22.0      31.0      0.00      267.      0.00      0.00      0.00      0.00      0.00      0.00
   7   0  0  -1 D40770032S.Merchel, S.M  1997     1 7-N-0(HE3,X)4-BE-7,,SIG         287.     3.488E-03  20.9     8.941E-08 T2 5.719E-02  11.0      21.4      21.4      30.6      0.00      287.      0.00      0.00      0.00      0.00      0.00      0.00
  29  65  0  -1 T0120028 N.W.GOLCHERT,J  1970    18 29-CU-65(HE3,X)27-CO-57,,SIG    313.     3.829E-03  81.6     2.980E-08 T2 0.186      22.0      11.0      38.7      69.4      0.00      313.      0.00      0.00      0.00      0.00      0.00      0.00
   7   0  0  -1 D40770031S.Merchel, S.M  1997     4 7-N-0(HE3,X)4-BE-7,,SIG         411.     3.288E-03  27.2     8.941E-08 T2 0.149      9.72      19.8      13.8      33.0      0.00      411.      0.00      0.00      0.00      0.00      0.00      0.00
  44 102  0  -1 D5057010 Ye.Skakun, S.M  2008    16 44-RU-102(HE3,2P)44-RU-103,,SI  419.     2.425E-03  65.0     2.318E-08 T2 0.131      40.5      13.6      7.80      33.6      0.00      419.      0.00      0.00      0.00      0.00      0.00      0.00
  83 209  0  -1 A0544011 O.N.Vysotsky,A  1992     7 83-BI-209(HE3,X)82-PB-203,CUM,  431.     3.148E-03  43.8     3.311E-08 T2 0.305      52.5      15.0      32.7      92.2      0.00      431.      0.00      0.00      0.00      0.00      0.00      0.00
  44 102  0  -1 D5057010 Ye.Skakun, S.M  2008    12 44-RU-102(HE3,2P)44-RU-103,,SI  480.     2.115E-03  63.7     1.325E-08 T2 0.111      40.5      13.6      7.80      33.6      0.00      480.      0.00      0.00      0.00      0.00      0.00      0.00
  93 237  0  -1 D0371005 J.Aaltonen,V.D  1996     4 93-NP-237(HE3,X)94-PU-238,,SIG  534.     2.679E-03  46.5     9.934E-08 T2 7.566E-03  6.93      31.9      20.4      26.0      0.00      534.      0.00      0.00      0.00      0.00      0.00      0.00
  29  65  0  -1 T0120023 N.W.GOLCHERT,J  1970     4 29-CU-65(HE3,X)29-CU-61,CUM,SI  544.     2.154E-03  24.7     8.941E-08 T2 5.365E-02  6.68      20.0      25.0      32.3      0.00      544.      0.00      0.00      0.00      0.00      0.00      0.00
  29  65  0  -1 T0120029 N.W.GOLCHERT,J  1970     7 29-CU-65(HE3,X)27-CO-56,,SIG    637.     1.685E-03  50.8     3.576E-08 T2 1.448E-02  6.59      14.0      38.7      69.4      0.00      637.      0.00      0.00      0.00      0.00      0.00      0.00
  29  63  0  -1 T0120016 N.W.GOLCHERT,J  1970     2 29-CU-63(HE3,X)25-MN-52,CUM,SI  868.     1.152E-03  30.8     4.257E-08 T2 1.171E-03 0.439      18.0      50.2      69.4      0.00      868.      0.00      0.00      0.00      0.00      0.00      0.00
  92 235  0   1 O2270006 J.Aaltonen, E.  2015     2 92-U-235(HE3,X)93-NP-236-M,,SI 1.468E+03 6.950E-04  28.8     5.960E-08 T2 9.457E-03  10.3      22.5      20.4      42.0      0.00     1.468E+03  0.00      0.00      0.00      0.00      0.00      0.00
  29  65  0  -1 T0120031 N.W.GOLCHERT,J  1970     7 29-CU-65(HE3,X)25-MN-54,,SIG   2.301E+03 4.348E-04  156.     4.768E-08 T2 3.058E-03  3.68      8.00      38.7      69.4      0.00     2.301E+03  0.00      0.00      0.00      0.00      0.00      0.00
  93 237  0  -1 D0371010 J.Aaltonen,V.D  1996     5 93-NP-237(HE3,X)94-PU-238,CUM, 2.802E+03 3.586E-04  123.     1.192E-07 T2 6.769E-03  14.0      16.3      20.4      26.0      0.00     2.802E+03  0.00      0.00      0.00      0.00      0.00      0.00
  93 237  0  -1 O0349007 J.Aaltonen,E.K  1996     6 93-NP-237(HE3,X)94-PU-238,CUM, 3.073E+03 3.267E-04  320.     1.118E-07 T2 7.572E-03  15.9      11.6      20.1      26.5      0.00     3.073E+03  0.00      0.00      0.00      0.00      0.00      0.00
  74 186  0  -1 R0053010 N.E.Scott, J.W  1968     1 74-W-186(HE3,2P)74-W-187,,SIG  5.688E+03 1.758E-04  0.00     1.987E-08 T2 5.470E-03  24.7      0.00      19.6      31.6      0.00     5.688E+03  0.00      0.00      0.00      0.00      0.00      0.00
   7  14  0  -1 E2394003 T.Mikumo, R.Se  1966     1 7-N-14(HE3,X)4-BE-7,,SIG       9.974E+03 1.003E-04  0.00      0.00     T2 1.193E-03  4.23      25.9      14.7      28.6      0.00     9.974E+03  0.00      0.00      0.00      0.00      0.00      0.00
  79 197  0   0 E1306009 Y.Nagame, K.Su  1990     7 79-AU-197(HE3,2P)79-AU-198-G,, 1.387E+04 7.326E-05  100.     4.530E-08 T2 4.437E-03  44.6      10.0      19.3      39.4      0.00     1.387E+04  0.00      0.00      0.00      0.00      0.00      0.00
  75 185  0  -1 R00530072N.E.Scott, J.W  1968     1 75-RE-185(HE3,2P)75-RE-186,,SI 2.228E+04 4.489E-05  0.00      0.00     T2 1.450E-03  40.3      0.00      24.8      30.6      0.00     2.228E+04  0.00      0.00      0.00      0.00      0.00      0.00
